transaccion_id,cliente_id,fecha_transaccion,monto,puntos_ganados
1,1,2024-08-10,385.41,38
2,1,2024-08-16,481.97,48
3,1,2023-09-12,140.32,14
4,2,2024-09-13,313.13,31
5,2,2024-08-11,197.69,19
6,2,2023-10-25,267.05,26
7,2,2024-06-09,234.16,23
8,2,2024-04-10,437.88,43
9,3,2024-10-24,88.89,8
10,3,2025-01-23,134.6,13
11,3,2025-03-01,111.88,11
12,3,2025-01-08,104.46,10
13,3,2025-02-27,120.45,12
14,4,2023-11-16,451.25,45
15,4,2024-07-01,460.56,46
16,4,2024-10-17,329.22,32
17,4,2025-03-07,141.12,14
18,5,2024-11-21,316.08,31
19,5,2025-01-06,142.34,14
20,5,2025-03-09,402.21,40
21,6,2024-07-02,44.51,4
22,6,2023-10-05,53.34,5
23,6,2023-10-28,262.96,26
24,6,2024-10-05,393.97,39
25,6,2024-02-28,325.71,32
26,7,2024-11-07,419.31,41
27,8,2024-01-21,381.42,38
28,8,2023-12-15,492.83,49
29,9,2025-02-06,66.06,6
30,9,2024-11-08,364.9,36
31,9,2025-02-11,54.04,5
32,9,2024-11-26,99.28,9
33,9,2024-07-27,47.38,4
34,9,2024-10-23,493.22,49
35,9,2024-11-05,15.35,1
36,9,2024-10-04,207.57,20
37,9,2025-02-02,53.59,5
38,10,2025-03-01,182.41,18
39,10,2025-02-17,120.85,12
40,10,2025-02-25,157.98,15
41,10,2025-03-01,101.99,10
42,10,2025-03-05,170.58,17
43,10,2025-03-01,414.27,41
44,11,2024-10-29,280.3,28
45,11,2025-02-13,171.0,17
46,12,2025-02-02,45.45,4
47,12,2025-01-27,275.55,27
48,12,2025-01-10,82.01,8
49,12,2025-01-27,418.14,41
50,12,2025-01-19,368.37,36
51,13,2024-11-06,232.19,23
52,13,2024-10-15,175.91,17
53,13,2024-12-07,480.21,48
54,13,2024-12-12,472.4,47
55,13,2025-02-19,337.01,33
56,13,2024-11-24,195.25,19
57,13,2024-12-12,226.07,22
58,13,2024-12-16,193.58,19
59,13,2024-11-10,158.23,15
60,14,2024-03-01,283.1,28
61,14,2024-09-07,87.49,8
62,14,2025-03-05,274.03,27
63,14,2023-09-10,198.52,19
64,14,2023-11-11,145.02,14
65,14,2024-02-09,276.66,27
66,14,2024-09-22,261.7,26
67,14,2025-01-14,454.87,45
68,15,2024-10-29,102.15,10
69,15,2024-08-01,192.59,19
70,16,2024-11-16,313.86,31
71,16,2025-02-17,163.21,16
72,17,2024-12-27,265.19,26
73,17,2025-01-15,11.51,1
74,17,2025-02-24,184.8,18
75,18,2024-11-13,57.17,5
76,18,2024-06-06,120.55,12
77,18,2025-01-24,175.84,17
78,18,2025-01-04,64.31,6
79,18,2024-07-05,326.7,32
80,18,2024-11-16,158.1,15
81,18,2024-11-20,415.59,41
82,19,2024-04-19,149.12,14
83,19,2023-11-14,298.4,29
84,19,2023-10-24,35.51,3
85,19,2023-08-16,186.26,18
86,19,2023-11-13,98.96,9
87,19,2023-11-03,26.79,2
88,19,2024-03-19,229.28,22
89,19,2023-07-25,198.6,19
90,19,2024-03-16,193.84,19
91,20,2024-11-02,177.82,17
92,20,2024-05-08,14.39,1
93,20,2024-05-14,490.74,49
94,20,2024-05-26,438.67,43
95,20,2024-08-30,339.84,33
96,20,2024-06-29,399.09,39
97,20,2024-12-15,451.95,45
98,21,2024-11-08,298.32,29
99,22,2024-09-13,427.12,42
100,22,2024-06-28,332.08,33
101,22,2024-07-13,437.83,43
102,22,2025-02-02,97.29,9
103,22,2024-11-13,316.13,31
104,22,2025-02-28,182.39,18
105,22,2024-05-19,76.22,7
106,23,2024-02-09,496.59,49
107,23,2024-01-17,372.69,37
108,24,2024-09-30,54.59,5
109,24,2024-12-21,442.45,44
110,24,2024-11-02,55.22,5
111,24,2024-06-28,376.78,37
112,24,2024-12-13,379.56,37
113,24,2025-01-02,225.34,22
114,24,2025-01-16,112.89,11
115,25,2025-03-06,35.58,3
116,25,2025-03-01,492.74,49
117,25,2025-03-05,21.41,2
118,26,2024-07-15,28.13,2
119,26,2024-12-17,372.91,37
120,26,2024-11-18,179.63,17
121,26,2024-11-11,64.45,6
122,26,2024-11-29,279.35,27
123,26,2024-07-23,383.12,38
124,26,2024-11-23,482.23,48
125,26,2024-12-20,104.23,10
126,26,2025-01-23,285.6,28
127,26,2024-10-21,436.91,43
128,27,2025-01-30,182.78,18
129,27,2023-09-17,141.04,14
130,27,2024-11-23,30.26,3
131,27,2024-02-05,447.99,44
132,27,2025-02-22,132.16,13
133,27,2023-12-31,49.64,4
134,27,2023-09-25,324.2,32
135,27,2024-04-13,353.57,35
136,27,2023-10-13,487.89,48
137,28,2024-08-21,469.59,46
138,28,2025-02-19,132.03,13
139,28,2024-11-16,454.67,45
140,28,2024-07-15,394.48,39
141,29,2024-03-02,58.91,5
142,29,2024-06-24,445.61,44
143,29,2024-06-07,24.69,2
144,29,2024-10-25,477.85,47
145,29,2024-04-27,458.2,45
146,29,2025-02-11,201.62,20
147,29,2024-11-18,493.16,49
148,29,2024-03-13,465.63,46
149,30,2024-06-11,334.93,33
150,30,2025-01-30,461.4,46
151,30,2024-09-12,342.59,34
152,30,2025-02-05,365.02,36
153,30,2025-01-20,223.04,22
154,30,2025-02-13,342.7,34
155,30,2024-08-15,498.12,49
156,30,2024-12-12,146.79,14
157,30,2024-11-28,458.6,45
158,31,2024-12-28,423.23,42
159,31,2025-02-02,101.81,10
160,31,2024-06-06,310.48,31
161,31,2024-06-17,37.12,3
162,31,2025-01-02,106.85,10
163,31,2024-11-25,21.24,2
164,31,2024-03-31,361.45,36
165,31,2024-05-29,381.43,38
166,31,2024-07-02,131.3,13
167,32,2025-03-10,326.51,32
168,32,2025-03-10,280.84,28
169,32,2025-03-10,378.94,37
170,32,2025-03-10,75.49,7
171,32,2025-03-10,455.39,45
172,32,2025-03-09,120.97,12
173,32,2025-03-10,170.36,17
174,32,2025-03-09,189.97,18
175,33,2024-12-28,290.33,29
176,33,2025-01-16,424.06,42
177,33,2024-12-28,441.6,44
178,33,2024-11-05,215.74,21
179,33,2024-09-16,298.49,29
180,34,2025-02-19,255.48,25
181,34,2025-03-10,418.51,41
182,34,2025-03-02,106.81,10
183,34,2025-02-21,416.2,41
184,34,2025-03-02,148.77,14
185,34,2025-02-23,365.54,36
186,34,2025-02-27,100.34,10
187,34,2025-03-10,488.41,48
188,34,2025-02-19,278.46,27
189,34,2025-02-22,205.85,20
190,35,2024-04-24,14.28,1
191,36,2024-08-25,417.22,41
192,36,2024-05-30,114.54,11
193,36,2024-10-20,191.33,19
194,36,2024-05-18,427.88,42
195,36,2024-12-15,70.26,7
196,36,2024-07-25,243.65,24
197,36,2025-03-09,180.96,18
198,37,2024-02-08,117.1,11
199,37,2024-12-08,207.6,20
200,37,2024-03-31,99.52,9
201,37,2024-11-19,294.3,29
202,38,2024-12-25,228.49,22
203,38,2025-02-18,406.11,40
204,38,2024-12-04,317.67,31
205,38,2025-02-01,265.91,26
206,38,2025-01-08,255.69,25
207,38,2025-02-24,201.59,20
208,39,2025-03-08,35.79,3
209,39,2025-03-09,185.83,18
210,39,2025-03-08,435.15,43
211,39,2025-03-10,423.29,42
212,39,2025-03-09,442.65,44
213,40,2025-02-10,473.51,47
214,40,2025-01-26,90.95,9
215,40,2024-11-13,382.1,38
216,40,2025-01-20,207.6,20
217,40,2024-11-25,19.55,1
218,40,2025-01-17,68.55,6
219,41,2023-07-25,132.83,13
220,41,2025-03-03,473.14,47
221,41,2024-03-10,187.68,18
222,42,2024-09-09,67.78,6
223,42,2024-02-19,261.06,26
224,42,2023-09-04,327.09,32
225,42,2024-07-02,15.76,1
226,42,2024-03-27,17.81,1
227,42,2023-07-20,299.43,29
228,42,2023-09-15,333.51,33
229,42,2023-03-24,462.17,46
230,42,2023-08-30,337.09,33
231,43,2025-02-15,348.97,34
232,43,2025-02-21,468.78,46
233,43,2025-03-04,209.29,20
234,43,2025-02-17,320.39,32
235,43,2025-03-03,369.52,36
236,44,2025-03-10,262.41,26
237,44,2025-03-09,280.66,28
238,45,2025-03-06,498.15,49
239,46,2024-07-30,313.95,31
240,46,2024-06-10,494.26,49
241,46,2024-06-26,135.79,13
242,46,2024-01-25,401.87,40
243,46,2023-08-23,440.65,44
244,46,2024-06-30,194.95,19
245,46,2023-11-01,142.6,14
246,46,2024-07-15,83.02,8
247,46,2023-11-23,200.94,20
248,47,2025-01-26,57.01,5
249,47,2024-09-18,405.13,40
250,47,2024-05-13,208.38,20
251,47,2024-04-12,450.11,45
252,47,2024-10-04,410.81,41
253,48,2025-03-07,152.66,15
254,48,2025-02-20,36.14,3
255,48,2025-02-09,213.22,21
256,48,2025-02-16,128.24,12
257,48,2025-02-12,308.43,30
258,48,2025-02-26,347.78,34
259,48,2025-03-01,181.03,18
260,49,2024-09-08,413.08,41
261,49,2024-09-03,150.52,15
262,49,2024-10-16,223.76,22
263,49,2024-09-06,133.71,13
264,49,2025-02-24,223.57,22
265,49,2024-12-31,202.88,20
266,49,2025-03-09,264.09,26
267,49,2024-09-16,230.83,23
268,49,2024-10-14,336.85,33
269,49,2025-01-31,167.64,16
270,50,2024-01-07,329.51,32
271,51,2024-10-30,494.72,49
272,51,2024-07-12,134.24,13
273,51,2025-01-09,308.6,30
274,51,2024-01-17,30.55,3
275,51,2025-01-10,312.59,31
276,51,2024-10-11,399.43,39
277,51,2024-09-24,277.01,27
278,51,2025-03-04,290.76,29
279,52,2023-12-28,301.54,30
280,52,2024-08-27,257.13,25
281,52,2024-03-14,38.35,3
282,52,2024-04-27,255.43,25
283,52,2024-09-04,47.7,4
284,53,2025-02-28,335.52,33
285,53,2025-03-04,379.97,37
286,53,2025-03-02,137.93,13
287,53,2025-03-08,162.67,16
288,53,2025-02-02,113.58,11
289,53,2025-02-03,419.38,41
290,53,2025-02-04,127.81,12
291,53,2025-02-23,157.99,15
292,53,2025-02-27,30.17,3
293,53,2025-02-20,157.43,15
294,54,2025-02-25,52.08,5
295,54,2025-02-21,159.53,15
296,54,2025-02-22,46.55,4
297,54,2025-03-04,38.93,3
298,54,2025-03-06,194.64,19
299,54,2025-03-01,418.06,41
300,55,2024-12-29,468.65,46
301,55,2025-02-18,226.47,22
302,55,2025-02-01,206.83,20
303,55,2024-12-25,89.43,8
304,55,2024-11-27,31.65,3
305,55,2024-08-21,153.83,15
306,56,2025-02-22,418.7,41
307,56,2024-04-24,141.31,14
308,56,2025-03-07,379.98,37
309,56,2024-10-14,270.7,27
310,56,2024-09-12,262.62,26
311,56,2024-02-06,430.54,43
312,56,2025-03-07,189.43,18
313,56,2023-11-03,248.84,24
314,56,2024-01-27,330.55,33
315,57,2025-02-19,196.22,19
316,57,2024-04-19,306.96,30
317,57,2024-08-03,307.91,30
318,57,2025-03-05,480.08,48
319,57,2024-04-20,416.96,41
320,57,2025-02-18,328.72,32
321,57,2024-12-10,141.05,14
322,57,2024-12-29,450.65,45
323,57,2024-12-07,221.66,22
324,57,2024-11-09,267.74,26
325,58,2024-10-08,192.84,19
326,58,2024-09-07,37.26,3
327,58,2023-12-19,26.61,2
328,58,2024-02-25,216.95,21
329,58,2023-09-25,194.99,19
330,58,2023-11-29,307.93,30
331,59,2024-12-16,395.91,39
332,59,2025-01-16,423.64,42
333,59,2025-02-15,322.38,32
334,59,2025-02-07,211.08,21
335,59,2024-10-22,321.61,32
336,59,2025-01-16,146.34,14
337,59,2024-12-01,153.57,15
338,59,2024-12-05,80.99,8
339,59,2024-12-20,203.55,20
340,59,2025-01-14,333.76,33
341,60,2024-09-07,150.19,15
342,60,2024-06-30,475.94,47
343,60,2024-11-22,137.19,13
344,60,2024-04-04,338.08,33
345,60,2024-09-08,482.19,48
346,60,2024-03-11,335.28,33
347,60,2024-08-14,210.3,21
348,61,2024-09-19,215.71,21
349,62,2025-03-10,250.48,25
350,62,2024-10-01,241.1,24
351,62,2024-09-30,161.56,16
352,62,2024-09-22,10.09,1
353,62,2024-11-26,352.83,35
354,62,2024-11-21,99.09,9
355,63,2024-12-08,160.98,16
356,63,2024-10-31,437.11,43
357,63,2025-01-28,52.25,5
358,64,2024-07-26,380.83,38
359,64,2024-04-20,314.0,31
360,65,2025-01-05,101.69,10
361,65,2024-12-11,32.28,3
362,65,2025-02-15,84.0,8
363,65,2024-12-13,54.98,5
364,65,2025-01-01,62.64,6
365,65,2024-12-28,186.7,18
366,65,2025-01-09,94.61,9
367,66,2024-09-19,94.4,9
368,66,2023-10-31,281.66,28
369,66,2024-07-15,138.53,13
370,66,2023-06-29,89.32,8
371,67,2024-11-18,256.19,25
372,67,2024-04-02,44.6,4
373,67,2024-12-01,118.84,11
374,67,2025-03-02,163.91,16
375,67,2024-09-17,300.55,30
376,67,2024-06-24,490.5,49
377,67,2024-08-05,184.36,18
378,67,2024-08-20,122.99,12
379,67,2025-02-23,429.61,42
380,67,2025-02-28,209.65,20
381,68,2024-12-18,94.59,9
382,69,2023-06-23,471.35,47
383,69,2023-09-28,179.2,17
384,69,2024-05-30,326.19,32
385,70,2024-12-09,428.4,42
386,70,2024-01-06,53.32,5
387,70,2025-01-26,497.02,49
388,71,2024-06-28,208.03,20
389,71,2024-01-13,317.93,31
390,71,2024-02-12,430.59,43
391,71,2023-11-04,456.75,45
392,72,2024-12-27,115.4,11
393,72,2024-05-13,333.64,33
394,72,2025-01-01,139.87,13
395,72,2024-08-02,421.79,42
396,72,2025-01-09,288.26,28
397,72,2025-02-01,181.77,18
398,72,2024-12-25,103.01,10
399,72,2024-06-07,143.57,14
400,72,2024-07-12,476.41,47
401,73,2024-03-21,118.67,11
402,73,2024-11-14,462.98,46
403,73,2025-01-30,355.06,35
404,73,2024-02-10,353.14,35
405,73,2024-08-01,412.65,41
406,73,2024-02-29,447.69,44
407,74,2024-04-28,188.28,18
408,74,2024-03-12,49.96,4
409,74,2024-03-19,86.21,8
410,74,2024-02-20,265.21,26
411,74,2024-08-25,419.19,41
412,74,2024-09-28,404.23,40
413,74,2023-12-19,259.72,25
414,74,2025-02-25,102.31,10
415,75,2025-01-16,442.62,44
416,76,2024-07-27,464.37,46
417,76,2024-04-05,125.51,12
418,77,2024-02-29,26.65,2
419,77,2023-12-30,122.13,12
420,77,2024-12-24,221.45,22
421,77,2024-11-25,83.61,8
422,77,2024-02-25,317.4,31
423,77,2024-11-25,402.86,40
424,77,2025-03-05,277.11,27
425,77,2024-11-10,402.46,40
426,77,2024-03-26,258.52,25
427,77,2024-07-27,259.17,25
428,78,2024-10-30,255.25,25
429,78,2024-07-22,14.5,1
430,79,2024-10-04,200.43,20
431,79,2024-12-10,231.96,23
432,79,2024-09-12,423.25,42
433,79,2024-12-05,188.09,18
434,79,2024-08-20,77.36,7
435,79,2024-11-10,305.79,30
436,79,2024-07-09,274.42,27
437,79,2024-10-13,305.03,30
438,80,2024-10-01,92.59,9
439,80,2025-02-09,485.34,48
440,80,2025-01-20,94.4,9
441,80,2024-07-30,374.6,37
442,80,2025-01-03,30.73,3
443,80,2025-03-06,238.45,23
444,80,2024-10-26,206.39,20
445,80,2024-11-11,274.54,27
446,81,2024-05-08,306.99,30
447,81,2024-11-28,109.21,10
448,81,2024-09-04,281.85,28
449,81,2023-11-13,141.73,14
450,81,2023-11-09,28.9,2
451,81,2023-09-06,365.53,36
452,81,2024-07-23,477.19,47
453,82,2025-01-16,392.49,39
454,82,2024-09-21,337.85,33
455,82,2023-11-20,342.21,34
456,82,2024-09-26,221.69,22
457,82,2023-08-09,56.65,5
458,82,2024-05-03,113.47,11
459,82,2024-06-17,447.26,44
460,82,2023-09-21,192.83,19
461,82,2024-10-15,152.11,15
462,83,2024-10-14,145.71,14
463,84,2024-09-08,248.76,24
464,84,2025-02-28,299.26,29
465,84,2024-09-10,168.68,16
466,84,2024-11-15,323.3,32
467,84,2024-04-18,365.95,36
468,84,2025-02-11,320.2,32
469,85,2024-10-15,311.66,31
470,85,2024-12-26,21.44,2
471,85,2025-01-12,380.41,38
472,85,2025-02-23,246.43,24
473,85,2025-02-14,322.34,32
474,85,2024-10-21,40.79,4
475,85,2024-11-03,483.13,48
476,85,2025-02-14,397.47,39
477,86,2024-08-30,212.59,21
478,86,2025-01-12,181.68,18
479,86,2024-09-12,317.87,31
480,86,2025-01-27,373.43,37
481,86,2024-06-06,457.01,45
482,86,2024-12-01,338.42,33
483,86,2024-10-14,353.18,35
484,86,2024-07-07,422.08,42
485,86,2025-01-21,350.8,35
486,86,2024-07-01,484.86,48
487,87,2025-03-05,413.53,41
488,87,2025-03-07,286.64,28
489,87,2025-03-05,149.36,14
490,87,2025-03-09,18.27,1
491,87,2025-03-08,268.78,26
492,88,2024-07-26,478.2,47
493,88,2024-10-14,167.09,16
494,88,2024-09-01,469.85,46
495,88,2024-07-11,331.67,33
496,88,2024-10-11,353.42,35
497,89,2024-10-22,167.68,16
498,89,2024-11-28,302.28,30
499,90,2024-11-06,490.72,49
500,90,2025-01-17,422.51,42
501,90,2025-01-31,287.35,28
502,90,2024-06-29,269.04,26
503,90,2024-09-22,217.26,21
504,90,2024-11-01,134.8,13
505,90,2024-08-25,299.71,29
506,91,2023-09-03,477.96,47
507,91,2023-09-23,64.27,6
508,91,2024-06-21,102.14,10
509,91,2023-06-02,150.21,15
510,91,2023-08-22,169.24,16
511,91,2023-06-26,23.08,2
512,92,2023-11-29,396.99,39
513,92,2023-09-17,41.97,4
514,92,2024-03-05,349.4,34
515,93,2025-02-01,129.1,12
516,93,2024-12-03,315.23,31
517,93,2025-02-25,24.77,2
518,93,2024-10-23,88.96,8
519,93,2024-11-28,321.67,32
520,93,2024-12-13,403.19,40
521,94,2025-03-05,471.17,47
522,94,2025-03-10,397.25,39
523,94,2025-02-18,244.83,24
524,94,2025-02-19,285.47,28
525,94,2025-02-17,291.43,29
526,94,2025-02-11,132.59,13
527,95,2024-12-12,221.31,22
528,95,2025-03-05,482.97,48
529,95,2024-09-25,19.49,1
530,95,2025-02-20,253.79,25
531,95,2025-02-10,42.08,4
532,95,2025-01-31,126.5,12
533,95,2024-09-24,73.09,7
534,95,2024-12-19,406.79,40
535,96,2025-03-10,405.91,40
536,97,2024-10-18,355.55,35
537,98,2024-11-29,327.56,32
538,98,2025-03-02,13.61,1
539,98,2025-01-16,274.91,27
540,98,2025-03-07,288.95,28
541,98,2025-02-20,150.23,15
542,99,2025-02-23,105.58,10
543,99,2025-01-22,159.06,15
544,99,2025-01-01,307.99,30
545,99,2025-02-18,124.58,12
546,99,2025-01-20,398.03,39
547,99,2025-02-17,253.54,25
548,99,2025-03-10,296.49,29
549,99,2024-11-20,331.83,33
550,100,2023-11-16,45.66,4
551,100,2023-11-30,41.17,4
552,100,2023-12-21,395.67,39
553,100,2024-06-13,159.51,15
554,100,2023-10-23,277.86,27
555,100,2024-11-05,44.16,4
556,100,2024-11-23,257.83,25
557,100,2024-01-07,77.64,7
558,100,2023-10-31,142.55,14
559,101,2024-08-18,442.09,44
560,102,2024-01-04,461.55,46
561,102,2024-07-13,170.4,17
562,102,2023-12-06,280.53,28
563,102,2024-02-19,47.01,4
564,102,2024-11-02,417.73,41
565,102,2024-09-05,491.59,49
566,102,2024-12-10,221.63,22
567,102,2024-12-29,458.61,45
568,103,2024-04-18,70.11,7
569,103,2024-10-02,167.54,16
570,103,2025-01-29,488.98,48
571,103,2023-08-15,305.65,30
572,103,2024-11-08,429.46,42
573,103,2024-06-28,291.8,29
574,103,2024-06-10,153.08,15
575,104,2023-11-18,116.54,11
576,104,2025-03-08,497.25,49
577,104,2024-02-06,463.77,46
578,105,2024-03-13,498.27,49
579,105,2023-12-27,118.37,11
580,105,2024-07-28,221.66,22
581,105,2024-07-08,394.29,39
582,105,2023-12-21,324.43,32
583,105,2024-02-16,450.7,45
584,105,2024-01-13,193.8,19
585,105,2023-10-06,338.58,33
586,105,2024-09-10,87.31,8
587,105,2023-04-28,236.07,23
588,106,2024-06-23,48.52,4
589,106,2023-08-30,165.66,16
590,106,2023-05-17,204.54,20
591,106,2023-06-30,263.65,26
592,107,2025-02-03,87.94,8
593,107,2025-01-14,25.86,2
594,107,2025-01-04,317.37,31
595,107,2024-12-20,407.5,40
596,107,2025-03-03,480.91,48
597,108,2025-02-08,491.13,49
598,108,2025-02-21,241.96,24
599,108,2025-02-27,103.54,10
600,108,2025-01-23,332.25,33
601,108,2025-03-09,245.94,24
602,108,2025-03-05,448.27,44
603,108,2025-02-07,495.04,49
604,109,2024-07-17,481.28,48
605,109,2024-10-07,367.26,36
606,109,2024-12-07,65.86,6
607,109,2025-01-14,245.89,24
608,109,2025-01-06,451.27,45
609,110,2025-01-22,315.44,31
610,110,2024-03-25,224.4,22
611,110,2024-04-16,35.7,3
612,111,2025-01-28,493.71,49
613,111,2024-08-25,456.54,45
614,111,2024-09-17,323.71,32
615,111,2024-11-03,343.6,34
616,111,2024-08-01,425.68,42
617,111,2024-11-30,207.17,20
618,111,2024-07-04,36.17,3
619,112,2024-08-06,17.79,1
620,112,2024-09-23,373.66,37
621,112,2024-08-13,498.78,49
622,112,2024-12-10,324.79,32
623,112,2025-01-16,82.61,8
624,112,2025-01-17,376.09,37
625,112,2024-11-03,324.36,32
626,112,2025-02-08,384.09,38
627,112,2024-08-05,389.04,38
628,112,2024-12-21,127.59,12
629,113,2024-03-15,178.5,17
630,113,2024-04-22,191.44,19
631,114,2025-01-24,297.18,29
632,114,2024-08-25,358.78,35
633,114,2024-11-15,217.57,21
634,114,2024-09-28,156.05,15
635,115,2024-07-09,79.3,7
636,115,2024-07-30,449.31,44
637,115,2025-01-04,395.77,39
638,116,2024-10-25,44.12,4
639,116,2025-02-04,225.27,22
640,116,2025-02-07,46.07,4
641,116,2025-01-15,309.82,30
642,116,2025-01-23,371.83,37
643,116,2024-12-09,413.27,41
644,116,2025-01-13,124.58,12
645,116,2024-10-30,136.8,13
646,116,2024-11-17,421.53,42
647,116,2025-02-01,77.97,7
648,117,2025-02-14,211.57,21
649,118,2024-07-29,289.77,28
650,119,2024-11-18,334.07,33
651,119,2024-11-09,135.85,13
652,119,2024-11-13,414.15,41
653,119,2025-03-09,433.29,43
654,119,2024-09-20,144.37,14
655,119,2025-01-19,360.68,36
656,119,2025-01-07,26.34,2
657,119,2024-11-21,220.38,22
658,120,2024-12-20,186.58,18
659,120,2025-01-31,159.63,15
660,121,2024-05-18,12.58,1
661,121,2024-06-27,343.38,34
662,121,2025-01-29,395.79,39
663,121,2024-12-06,224.64,22
664,121,2024-08-14,233.66,23
665,121,2024-07-15,143.9,14
666,121,2025-02-12,309.02,30
667,121,2025-02-03,52.16,5
668,121,2024-07-23,284.8,28
669,122,2024-12-15,377.78,37
670,123,2024-08-28,372.4,37
671,123,2025-01-01,119.36,11
672,123,2023-10-15,447.09,44
673,123,2023-10-16,65.02,6
674,123,2023-12-23,39.31,3
675,123,2025-02-03,414.65,41
676,123,2024-04-26,15.56,1
677,124,2024-12-10,261.48,26
678,124,2024-11-15,250.04,25
679,124,2024-03-26,266.23,26
680,124,2024-03-24,424.58,42
681,124,2024-02-20,251.74,25
682,124,2025-01-04,497.6,49
683,124,2023-11-21,339.33,33
684,124,2024-07-16,89.22,8
685,124,2024-07-27,128.75,12
686,125,2024-11-13,470.95,47
687,126,2025-03-07,69.53,6
688,126,2025-03-03,391.19,39
689,126,2025-03-06,29.77,2
690,127,2024-12-17,225.97,22
691,127,2024-12-24,481.36,48
692,127,2024-08-07,29.99,2
693,127,2024-12-02,371.02,37
694,127,2024-11-07,88.37,8
695,127,2024-10-12,490.27,49
696,127,2024-10-28,195.38,19
697,128,2023-10-14,39.3,3
698,128,2024-01-12,200.51,20
699,128,2024-05-05,441.95,44
700,128,2024-03-10,344.1,34
701,128,2025-01-01,176.94,17
702,128,2023-12-18,176.36,17
703,128,2024-11-12,496.73,49
704,128,2024-03-28,394.86,39
705,128,2023-05-31,495.49,49
706,128,2023-08-06,103.53,10
707,129,2025-02-02,209.83,20
708,129,2024-01-07,251.07,25
709,129,2024-05-10,352.02,35
710,129,2025-01-14,83.37,8
711,129,2024-08-08,469.12,46
712,129,2023-12-10,150.75,15
713,129,2024-06-10,127.18,12
714,129,2024-09-10,23.47,2
715,130,2024-03-06,65.07,6
716,130,2024-12-04,359.24,35
717,130,2024-06-20,20.81,2
718,130,2024-05-10,328.47,32
719,130,2024-10-30,135.85,13
720,130,2025-01-14,409.57,40
721,130,2024-05-12,225.88,22
722,130,2024-03-06,305.4,30
723,131,2025-01-07,183.07,18
724,131,2025-02-26,231.25,23
725,131,2025-03-04,390.28,39
726,132,2024-09-02,458.17,45
727,132,2024-09-21,204.26,20
728,132,2024-12-26,488.2,48
729,132,2025-02-14,113.03,11
730,132,2024-09-15,205.54,20
731,132,2024-09-03,83.64,8
732,132,2024-10-15,240.22,24
733,132,2024-12-16,410.28,41
734,133,2025-03-08,161.88,16
735,133,2025-03-01,39.44,3
736,133,2025-02-16,382.98,38
737,133,2025-02-17,60.77,6
738,133,2025-02-19,412.08,41
739,133,2025-03-04,444.99,44
740,134,2024-10-02,259.14,25
741,134,2024-07-22,247.04,24
742,134,2024-05-23,468.23,46
743,134,2024-10-02,408.88,40
744,134,2024-11-03,73.34,7
745,134,2024-11-05,165.48,16
746,134,2024-12-04,261.79,26
747,135,2024-12-14,385.8,38
748,135,2025-02-04,329.19,32
749,135,2024-07-30,103.28,10
750,135,2024-11-04,368.94,36
751,135,2024-11-08,25.75,2
752,135,2024-03-30,212.81,21
753,135,2024-06-08,152.16,15
754,135,2025-03-08,429.31,42
755,136,2024-06-29,64.97,6
756,136,2025-02-18,446.58,44
757,136,2025-03-02,48.15,4
758,136,2024-12-31,107.15,10
759,136,2023-10-01,218.42,21
760,136,2024-01-23,83.63,8
761,136,2024-02-04,127.48,12
762,136,2023-05-14,259.05,25
763,136,2024-07-15,30.39,3
764,137,2024-02-09,192.43,19
765,138,2024-11-09,81.76,8
766,138,2024-06-18,359.76,35
767,138,2024-12-08,325.71,32
768,138,2024-08-20,228.63,22
769,138,2024-09-10,55.98,5
770,138,2024-04-22,177.09,17
771,139,2024-10-10,41.13,4
772,139,2024-01-30,474.99,47
773,139,2025-01-18,486.42,48
774,139,2024-09-25,110.18,11
775,139,2023-04-04,113.05,11
776,139,2025-02-14,11.48,1
777,140,2024-10-26,361.28,36
778,140,2024-07-19,466.15,46
779,140,2024-07-19,114.97,11
780,140,2024-08-14,137.26,13
781,140,2024-03-13,295.86,29
782,140,2024-06-01,52.65,5
783,140,2023-12-19,398.68,39
784,140,2024-09-06,431.22,43
785,140,2024-12-25,103.11,10
786,140,2025-02-11,146.12,14
787,141,2024-10-18,128.75,12
788,141,2024-11-19,265.73,26
789,141,2024-10-15,270.04,27
790,141,2024-12-27,270.63,27
791,141,2024-07-27,455.18,45
792,141,2025-03-04,200.58,20
793,141,2025-02-12,346.33,34
794,141,2024-07-21,448.55,44
795,142,2024-06-27,401.39,40
796,142,2024-07-21,436.24,43
797,143,2023-08-01,93.98,9
798,143,2023-08-02,383.51,38
799,143,2025-01-22,446.43,44
800,143,2023-07-11,230.2,23
801,143,2023-12-20,67.71,6
802,143,2023-09-02,30.28,3
803,143,2024-11-25,499.25,49
804,144,2024-08-07,134.08,13
805,144,2025-03-02,247.45,24
806,144,2025-01-29,50.74,5
807,144,2024-11-14,26.09,2
808,144,2024-07-04,38.63,3
809,144,2024-11-11,88.89,8
810,144,2024-07-06,435.86,43
811,144,2024-10-07,25.55,2
812,144,2024-08-03,260.0,26
813,145,2023-11-29,208.73,20
814,145,2024-10-01,222.19,22
815,145,2025-01-29,230.63,23
816,145,2024-09-13,239.19,23
817,146,2023-07-13,398.32,39
818,146,2024-12-17,169.97,16
819,146,2024-06-20,199.09,19
820,146,2024-06-06,120.16,12
821,147,2025-02-02,17.47,1
822,147,2025-01-06,331.93,33
823,147,2025-01-30,14.71,1
824,147,2025-02-01,318.6,31
825,147,2025-02-15,483.04,48
826,148,2023-12-31,340.1,34
827,148,2024-05-02,16.81,1
828,148,2023-07-31,276.43,27
829,148,2024-07-09,499.14,49
830,149,2023-12-08,307.22,30
831,149,2024-10-22,189.68,18
832,149,2025-01-24,35.12,3
833,150,2025-01-02,240.44,24
834,150,2024-12-12,217.36,21
835,150,2025-02-07,146.98,14
836,150,2025-01-07,257.31,25
837,151,2024-07-01,359.91,35
838,151,2025-03-08,78.94,7
839,151,2024-08-31,97.98,9
840,151,2024-04-19,172.65,17
841,151,2024-07-07,489.52,48
842,151,2024-12-04,399.64,39
843,151,2024-08-05,374.3,37
844,151,2024-04-11,285.72,28
845,152,2025-01-25,250.85,25
846,152,2024-10-19,26.31,2
847,152,2024-08-14,497.57,49
848,152,2024-01-20,471.21,47
849,152,2024-08-30,171.55,17
850,153,2025-01-31,30.33,3
851,153,2025-01-17,131.56,13
852,153,2025-02-14,380.48,38
853,153,2024-09-27,433.31,43
854,153,2024-07-19,261.16,26
855,153,2024-11-01,233.17,23
856,154,2024-12-01,66.23,6
857,154,2025-01-19,430.47,43
858,154,2024-09-14,144.98,14
859,154,2024-05-24,26.1,2
860,154,2024-11-05,316.62,31
861,154,2024-06-30,26.58,2
862,155,2024-03-11,248.98,24
863,155,2023-04-30,497.78,49
864,155,2023-10-12,269.44,26
865,155,2024-10-08,352.69,35
866,155,2024-08-31,126.56,12
867,155,2023-10-31,327.58,32
868,155,2024-09-09,249.6,24
869,155,2024-07-21,414.22,41
870,155,2024-09-23,469.51,46
871,156,2025-02-22,220.47,22
872,156,2025-01-24,352.6,35
873,156,2025-02-21,47.62,4
874,156,2025-01-14,275.92,27
875,156,2025-02-16,274.45,27
876,156,2025-02-27,338.67,33
877,156,2025-02-08,472.36,47
878,157,2024-08-12,47.36,4
879,158,2025-02-03,483.84,48
880,158,2024-11-16,199.13,19
881,158,2024-11-02,345.34,34
882,158,2024-11-14,296.83,29
883,158,2024-11-02,346.7,34
884,158,2024-11-29,412.99,41
885,159,2025-03-09,405.31,40
886,159,2025-03-05,499.55,49
887,159,2025-03-10,191.6,19
888,159,2025-03-04,296.76,29
889,159,2025-03-09,89.28,8
890,159,2025-03-02,374.97,37
891,159,2025-03-05,389.93,38
892,160,2024-06-15,299.49,29
893,160,2024-05-12,450.86,45
894,160,2024-06-03,481.08,48
895,160,2025-02-20,461.05,46
896,160,2024-09-15,71.28,7
897,161,2024-09-24,368.63,36
898,161,2024-11-24,379.05,37
899,161,2024-07-30,141.95,14
900,162,2024-07-30,113.59,11
901,162,2024-02-02,489.11,48
902,162,2024-03-05,168.46,16
903,162,2024-12-13,473.18,47
904,162,2023-05-14,198.67,19
905,162,2024-08-15,235.14,23
906,162,2024-02-25,169.39,16
907,162,2024-08-06,475.33,47
908,162,2024-10-17,205.98,20
909,162,2023-05-31,339.04,33
910,163,2025-02-13,225.07,22
911,163,2025-02-12,154.59,15
912,163,2025-03-02,13.81,1
913,163,2025-02-22,105.49,10
914,163,2025-03-07,285.33,28
915,163,2025-02-08,426.03,42
916,163,2025-02-16,69.86,6
917,163,2025-02-24,423.87,42
918,164,2024-03-24,100.31,10
919,164,2024-09-09,105.53,10
920,164,2024-07-24,17.02,1
921,164,2024-04-28,287.13,28
922,164,2025-02-20,326.55,32
923,164,2024-03-03,38.05,3
924,164,2024-06-23,165.83,16
925,165,2025-02-05,361.11,36
926,165,2025-01-27,253.41,25
927,165,2024-01-15,441.54,44
928,165,2023-11-18,271.76,27
929,165,2025-02-14,268.08,26
930,165,2024-04-11,34.15,3
931,165,2024-10-04,240.28,24
932,165,2025-01-20,172.24,17
933,165,2024-03-03,497.7,49
934,166,2024-07-08,210.18,21
935,167,2024-08-21,268.1,26
936,167,2023-11-26,225.76,22
937,167,2023-12-14,487.01,48
938,168,2025-02-09,351.69,35
939,168,2024-06-27,142.61,14
940,169,2023-09-06,427.59,42
941,169,2024-02-25,118.16,11
942,169,2024-08-31,371.81,37
943,170,2025-01-19,380.02,38
944,170,2024-08-24,184.6,18
945,170,2025-01-10,241.15,24
946,170,2024-05-27,428.91,42
947,170,2024-10-11,13.17,1
948,171,2024-07-18,385.16,38
949,171,2024-10-06,471.88,47
950,171,2024-07-08,370.39,37
951,171,2025-01-22,472.96,47
952,172,2024-10-20,201.59,20
953,172,2024-09-28,417.75,41
954,172,2024-12-14,204.82,20
955,172,2024-10-12,40.78,4
956,172,2024-09-26,144.19,14
957,172,2025-01-21,489.18,48
958,172,2024-11-02,189.02,18
959,172,2024-10-11,393.03,39
960,172,2024-10-25,125.93,12
961,172,2024-11-07,178.64,17
962,173,2024-12-31,421.23,42
963,174,2023-08-22,46.83,4
964,174,2023-11-23,175.66,17
965,174,2023-11-30,339.33,33
966,174,2024-01-17,311.55,31
967,174,2023-06-22,355.7,35
968,175,2024-12-04,66.22,6
969,175,2023-12-13,213.04,21
970,175,2024-12-08,168.49,16
971,175,2024-09-22,409.17,40
972,175,2024-01-16,277.88,27
973,176,2025-02-22,375.99,37
974,177,2025-02-24,439.67,43
975,177,2024-12-22,127.21,12
976,177,2024-11-01,25.36,2
977,177,2025-01-20,19.54,1
978,177,2024-10-09,62.76,6
979,177,2024-08-19,22.75,2
980,177,2024-11-11,124.37,12
981,178,2025-01-02,279.28,27
982,179,2025-02-21,280.41,28
983,179,2025-02-13,155.39,15
984,179,2025-02-11,49.42,4
985,179,2025-02-08,147.34,14
986,179,2025-02-06,433.78,43
987,179,2025-03-03,247.83,24
988,179,2025-01-31,316.51,31
989,179,2025-02-09,336.86,33
990,179,2025-02-18,230.09,23
991,179,2025-03-04,66.82,6
992,180,2024-12-05,477.77,47
993,180,2024-11-23,395.04,39
994,180,2024-11-15,348.18,34
995,180,2025-01-10,148.88,14
996,181,2024-06-23,88.54,8
997,181,2024-12-19,276.79,27
998,181,2024-02-17,113.04,11
999,181,2023-04-09,283.24,28
1000,181,2024-10-13,302.22,30
1001,181,2023-06-28,37.08,3
1002,181,2024-01-28,149.72,14
1003,181,2024-08-13,219.02,21
1004,181,2024-01-01,45.41,4
1005,182,2024-05-03,154.81,15
1006,182,2025-02-23,147.98,14
1007,182,2023-06-25,287.94,28
1008,182,2023-07-11,234.1,23
1009,182,2023-08-24,146.99,14
1010,182,2025-01-19,383.82,38
1011,182,2023-11-30,10.24,1
1012,182,2024-12-25,205.34,20
1013,183,2025-03-05,251.57,25
1014,183,2025-03-06,236.38,23
1015,183,2025-03-10,314.53,31
1016,183,2025-03-07,233.9,23
1017,183,2025-03-10,393.55,39
1018,183,2025-03-06,439.55,43
1019,184,2024-08-04,87.52,8
1020,184,2023-09-06,386.71,38
1021,184,2024-11-12,157.95,15
1022,184,2024-09-23,313.82,31
1023,184,2024-07-22,431.14,43
1024,184,2024-03-06,73.18,7
1025,185,2024-05-17,242.57,24
1026,185,2024-07-29,121.36,12
1027,186,2024-04-09,310.92,31
1028,186,2025-02-28,363.85,36
1029,186,2024-02-19,42.33,4
1030,186,2024-09-19,286.88,28
1031,186,2025-02-05,284.43,28
1032,186,2024-06-15,413.85,41
1033,186,2024-06-21,354.37,35
1034,186,2025-02-07,456.66,45
1035,187,2024-10-31,126.61,12
1036,187,2024-11-01,169.36,16
1037,188,2024-10-26,72.65,7
1038,188,2025-01-27,381.82,38
1039,188,2025-03-09,21.79,2
1040,188,2024-09-08,250.45,25
1041,188,2024-09-26,380.11,38
1042,188,2024-11-07,337.41,33
1043,188,2024-10-02,482.67,48
1044,188,2024-10-28,202.86,20
1045,189,2025-01-10,287.56,28
1046,189,2023-08-30,110.56,11
1047,189,2024-06-07,138.19,13
1048,189,2023-09-26,300.97,30
1049,189,2024-02-28,294.12,29
1050,189,2023-05-24,410.85,41
1051,189,2024-08-20,392.9,39
1052,189,2024-05-10,214.9,21
1053,189,2025-03-03,283.34,28
1054,189,2024-08-12,17.22,1
1055,190,2024-09-29,253.52,25
1056,190,2024-04-25,473.46,47
1057,190,2024-08-19,464.73,46
1058,190,2024-05-15,346.36,34
1059,190,2024-12-12,440.12,44
1060,190,2025-01-12,54.51,5
1061,190,2024-03-29,309.85,30
1062,190,2024-06-30,279.34,27
1063,191,2024-12-20,349.6,34
1064,191,2025-02-28,136.79,13
1065,191,2025-03-06,274.94,27
1066,191,2025-01-29,190.87,19
1067,191,2025-02-02,51.7,5
1068,191,2024-12-13,348.51,34
1069,191,2024-12-17,156.15,15
1070,191,2025-01-01,373.73,37
1071,191,2025-01-31,219.3,21
1072,192,2023-08-26,362.89,36
1073,192,2024-03-16,31.27,3
1074,193,2024-07-25,53.43,5
1075,193,2025-01-13,142.64,14
1076,193,2024-12-04,262.76,26
1077,193,2024-10-01,425.17,42
1078,194,2024-12-15,469.07,46
1079,194,2024-12-10,30.3,3
1080,194,2024-08-23,438.89,43
1081,194,2024-09-05,198.63,19
1082,194,2024-07-16,426.02,42
1083,195,2024-07-07,78.57,7
1084,195,2024-08-15,206.6,20
1085,195,2024-06-27,232.26,23
1086,195,2024-09-10,140.4,14
1087,195,2024-07-22,332.93,33
1088,196,2024-02-02,43.76,4
1089,196,2023-12-09,323.18,32
1090,196,2023-11-08,13.11,1
1091,196,2025-03-02,362.1,36
1092,196,2024-12-12,320.45,32
1093,196,2024-05-13,358.44,35
1094,196,2024-05-30,438.73,43
1095,196,2025-01-30,323.89,32
1096,197,2024-12-21,193.03,19
1097,197,2024-04-03,216.25,21
1098,197,2024-01-18,10.02,1
1099,197,2025-02-19,378.61,37
1100,197,2024-02-20,166.18,16
1101,197,2024-01-19,221.58,22
1102,197,2024-05-25,319.05,31
1103,197,2024-10-05,145.57,14
1104,197,2024-10-25,112.68,11
1105,197,2024-09-30,85.4,8
1106,198,2023-10-14,101.46,10
1107,198,2024-04-04,136.92,13
1108,198,2023-08-22,360.21,36
1109,199,2023-12-21,209.58,20
1110,199,2024-03-15,458.51,45
1111,199,2024-06-02,189.64,18
1112,199,2023-11-22,305.56,30
1113,200,2025-03-01,466.12,46
1114,201,2025-03-10,90.66,9
1115,201,2024-12-25,453.12,45
1116,201,2024-09-21,14.23,1
1117,201,2025-02-15,418.47,41
1118,201,2024-05-19,63.48,6
1119,201,2025-02-13,93.75,9
1120,201,2024-07-13,244.43,24
1121,201,2024-05-31,245.68,24
1122,201,2024-06-26,390.02,39
1123,202,2024-07-19,329.67,32
1124,202,2024-11-01,111.42,11
1125,202,2025-01-04,363.33,36
1126,202,2024-06-09,375.71,37
1127,202,2024-08-31,362.63,36
1128,202,2025-01-04,163.27,16
1129,202,2024-08-09,63.87,6
1130,202,2025-02-02,120.0,12
1131,202,2024-06-10,102.07,10
1132,203,2023-10-01,221.87,22
1133,203,2024-12-17,455.05,45
1134,203,2024-10-11,250.23,25
1135,203,2024-01-23,48.59,4
1136,203,2024-01-29,229.64,22
1137,203,2023-07-12,270.64,27
1138,203,2024-05-31,329.26,32
1139,203,2024-07-31,253.49,25
1140,203,2023-08-12,144.21,14
1141,204,2023-12-06,445.29,44
1142,204,2025-02-14,112.22,11
1143,204,2025-01-16,274.23,27
1144,204,2024-04-28,60.88,6
1145,204,2024-09-21,43.52,4
1146,205,2025-01-08,175.05,17
1147,205,2025-01-15,199.38,19
1148,205,2025-02-15,122.95,12
1149,205,2025-01-10,148.9,14
1150,205,2025-01-29,69.89,6
1151,205,2025-02-11,380.87,38
1152,205,2025-01-25,117.33,11
1153,205,2025-01-16,62.15,6
1154,205,2025-01-27,227.0,22
1155,206,2024-12-30,495.64,49
1156,206,2025-02-23,418.3,41
1157,206,2025-01-27,58.5,5
1158,207,2024-11-06,246.57,24
1159,207,2024-12-06,231.19,23
1160,208,2025-02-24,125.28,12
1161,208,2025-03-08,325.88,32
1162,208,2025-01-31,20.78,2
1163,208,2025-02-22,136.05,13
1164,208,2025-02-07,87.37,8
1165,208,2024-12-28,352.51,35
1166,208,2025-02-14,45.96,4
1167,208,2025-01-08,190.61,19
1168,208,2025-02-10,184.85,18
1169,208,2025-01-30,261.38,26
1170,209,2025-01-10,456.28,45
1171,209,2024-10-09,56.71,5
1172,209,2024-05-15,457.28,45
1173,209,2025-01-24,495.09,49
1174,209,2024-08-21,369.19,36
1175,209,2025-01-07,463.27,46
1176,209,2024-09-04,292.17,29
1177,209,2024-09-14,99.17,9
1178,210,2025-01-27,157.01,15
1179,210,2024-12-31,101.99,10
1180,210,2024-12-30,342.92,34
1181,211,2024-02-19,470.81,47
1182,211,2024-03-31,353.04,35
1183,211,2024-04-15,304.77,30
1184,211,2024-06-04,294.16,29
1185,211,2025-03-10,437.62,43
1186,211,2024-01-29,262.44,26
1187,211,2024-04-14,339.82,33
1188,211,2024-09-23,439.21,43
1189,211,2024-11-27,272.12,27
1190,212,2025-02-14,29.79,2
1191,212,2024-05-22,111.77,11
1192,213,2024-10-07,22.85,2
1193,213,2025-02-04,118.02,11
1194,213,2024-01-24,40.64,4
1195,214,2024-07-09,430.52,43
1196,214,2024-03-18,153.46,15
1197,214,2024-02-11,488.45,48
1198,214,2023-09-18,470.96,47
1199,214,2024-06-12,440.67,44
1200,214,2024-07-09,421.63,42
1201,214,2024-04-30,342.36,34
1202,214,2023-09-19,295.48,29
1203,214,2024-07-27,317.16,31
1204,215,2025-02-01,363.28,36
1205,215,2025-02-01,374.64,37
1206,216,2024-03-06,399.43,39
1207,217,2023-09-05,290.13,29
1208,217,2023-07-31,345.29,34
1209,217,2023-09-04,90.86,9
1210,217,2024-02-29,424.57,42
1211,217,2024-08-23,440.51,44
1212,217,2023-09-21,25.32,2
1213,217,2024-06-21,65.76,6
1214,217,2024-05-20,255.62,25
1215,217,2024-08-03,157.82,15
1216,217,2023-10-28,453.41,45
1217,218,2024-01-10,261.38,26
1218,218,2023-08-28,388.97,38
1219,218,2023-12-16,283.03,28
1220,218,2025-02-07,407.98,40
1221,218,2024-01-31,414.11,41
1222,218,2024-04-07,141.41,14
1223,218,2024-01-11,397.18,39
1224,218,2023-09-06,35.9,3
1225,218,2024-02-20,479.28,47
1226,218,2025-01-16,352.14,35
1227,219,2025-02-15,59.83,5
1228,219,2024-02-09,147.2,14
1229,219,2024-03-18,148.22,14
1230,219,2024-05-02,68.63,6
1231,219,2024-10-01,13.43,1
1232,220,2024-11-08,276.76,27
1233,220,2024-04-30,266.21,26
1234,220,2023-10-18,186.21,18
1235,220,2024-08-25,460.72,46
1236,220,2024-02-22,426.96,42
1237,220,2024-04-18,392.25,39
1238,220,2024-04-02,236.53,23
1239,221,2024-09-29,322.27,32
1240,221,2023-08-14,443.56,44
1241,221,2023-09-19,495.07,49
1242,222,2024-06-09,412.87,41
1243,222,2025-03-05,248.95,24
1244,222,2024-11-18,110.54,11
1245,222,2024-07-18,311.56,31
1246,222,2024-07-17,12.5,1
1247,222,2025-01-18,449.77,44
1248,222,2025-02-01,455.0,45
1249,222,2025-01-28,364.97,36
1250,223,2024-09-01,273.38,27
1251,223,2024-11-21,257.41,25
1252,223,2025-02-28,31.86,3
1253,223,2024-12-12,210.49,21
1254,223,2025-02-11,120.54,12
1255,223,2024-12-25,50.75,5
1256,223,2024-09-05,434.68,43
1257,224,2025-02-17,23.46,2
1258,224,2024-06-12,171.71,17
1259,224,2024-11-26,228.55,22
1260,224,2024-08-28,384.4,38
1261,224,2025-01-31,492.18,49
1262,224,2024-09-18,99.21,9
1263,224,2024-11-14,83.22,8
1264,224,2025-02-12,220.51,22
1265,225,2024-08-31,386.16,38
1266,225,2024-11-27,407.31,40
1267,225,2024-07-29,45.59,4
1268,225,2024-12-26,69.36,6
1269,226,2024-12-02,38.28,3
1270,226,2024-05-01,80.88,8
1271,226,2024-10-27,412.17,41
1272,227,2024-09-07,210.78,21
1273,227,2024-05-30,326.85,32
1274,227,2024-08-01,120.78,12
1275,227,2024-10-16,342.17,34
1276,227,2024-10-19,84.89,8
1277,227,2024-04-29,426.49,42
1278,227,2024-07-19,446.73,44
1279,227,2024-10-18,295.48,29
1280,228,2024-05-07,145.53,14
1281,228,2024-08-29,307.13,30
1282,228,2024-06-21,328.12,32
1283,229,2025-02-04,398.75,39
1284,229,2025-01-12,423.41,42
1285,229,2025-03-02,190.79,19
1286,230,2024-12-28,236.3,23
1287,230,2025-03-03,389.44,38
1288,230,2025-01-06,211.48,21
1289,230,2024-08-26,468.49,46
1290,230,2024-09-28,51.53,5
1291,230,2024-08-16,338.96,33
1292,230,2024-08-05,115.13,11
1293,230,2024-09-27,125.02,12
1294,230,2024-11-18,498.31,49
1295,231,2024-05-22,234.95,23
1296,231,2024-01-22,82.44,8
1297,231,2023-10-27,320.64,32
1298,231,2024-07-01,462.26,46
1299,231,2024-07-01,117.72,11
1300,231,2024-11-27,466.77,46
1301,231,2024-04-06,445.08,44
1302,231,2024-06-15,83.23,8
1303,232,2023-05-20,215.58,21
1304,232,2023-11-20,492.26,49
1305,232,2024-01-13,249.3,24
1306,232,2024-12-19,318.81,31
1307,232,2023-08-02,48.88,4
1308,232,2024-07-22,253.05,25
1309,232,2023-06-18,349.98,34
1310,233,2024-11-28,319.47,31
1311,233,2023-12-23,170.97,17
1312,233,2024-09-13,329.57,32
1313,233,2023-10-12,236.46,23
1314,234,2025-02-19,64.6,6
1315,234,2025-02-08,215.47,21
1316,234,2025-02-17,78.96,7
1317,234,2025-03-02,456.15,45
1318,234,2025-02-04,200.41,20
1319,234,2025-01-11,28.43,2
1320,234,2025-03-07,442.25,44
1321,234,2025-01-31,229.53,22
1322,234,2025-02-11,104.49,10
1323,235,2023-11-12,362.18,36
1324,235,2023-12-27,319.81,31
1325,235,2024-12-18,333.7,33
1326,235,2024-07-31,425.18,42
1327,235,2023-09-04,360.88,36
1328,235,2024-05-17,98.93,9
1329,235,2025-02-24,268.37,26
1330,235,2024-11-10,17.79,1
1331,235,2023-09-09,264.45,26
1332,236,2024-12-28,438.33,43
1333,237,2025-03-02,408.69,40
1334,237,2024-05-07,391.93,39
1335,237,2023-10-10,323.1,32
1336,237,2023-09-07,85.35,8
1337,237,2024-10-29,434.26,43
1338,238,2025-02-22,433.31,43
1339,238,2025-03-01,462.12,46
1340,238,2025-02-12,203.88,20
1341,238,2025-02-08,91.19,9
1342,238,2025-02-21,40.43,4
1343,238,2025-02-25,413.58,41
1344,239,2025-03-10,263.68,26
1345,239,2024-06-10,18.69,1
1346,239,2024-09-12,88.02,8
1347,240,2025-02-01,227.06,22
1348,240,2023-04-27,111.94,11
1349,240,2024-03-11,129.24,12
1350,240,2023-07-17,422.87,42
1351,240,2025-01-04,74.14,7
1352,240,2023-12-17,66.38,6
1353,240,2024-05-24,177.33,17
1354,240,2024-09-21,68.8,6
1355,241,2025-01-19,102.22,10
1356,241,2025-01-14,45.35,4
1357,241,2025-03-10,371.15,37
1358,241,2025-02-25,65.25,6
1359,241,2025-02-17,32.33,3
1360,241,2025-03-10,147.48,14
1361,241,2025-01-19,159.87,15
1362,241,2025-02-25,104.58,10
1363,241,2025-02-10,367.21,36
1364,242,2024-12-24,53.01,5
1365,242,2024-11-21,426.69,42
1366,243,2024-12-24,335.41,33
1367,243,2024-09-16,272.26,27
1368,243,2025-03-01,128.8,12
1369,243,2024-10-20,356.46,35
1370,243,2024-09-23,13.6,1
1371,244,2024-08-18,18.49,1
1372,244,2025-01-20,469.29,46
1373,244,2024-08-23,351.51,35
1374,244,2024-07-17,472.8,47
1375,244,2025-01-13,18.19,1
1376,244,2024-12-16,288.8,28
1377,244,2024-11-10,428.84,42
1378,245,2023-04-04,354.03,35
1379,245,2023-09-05,457.95,45
1380,245,2023-12-25,71.92,7
1381,245,2024-09-19,389.38,38
1382,245,2023-09-28,293.37,29
1383,245,2024-07-08,283.78,28
1384,245,2023-09-08,192.23,19
1385,245,2024-07-21,167.98,16
1386,246,2024-02-02,370.27,37
1387,246,2025-02-06,208.02,20
1388,246,2024-01-02,478.76,47
1389,246,2023-12-21,227.32,22
1390,246,2025-02-19,494.08,49
1391,246,2024-10-03,73.9,7
1392,246,2023-12-24,25.62,2
1393,247,2024-03-16,111.05,11
1394,247,2025-01-13,61.36,6
1395,247,2023-12-25,188.26,18
1396,247,2024-02-22,201.91,20
1397,247,2023-08-26,118.91,11
1398,247,2024-09-30,299.03,29
1399,247,2024-03-12,290.29,29
1400,248,2024-07-01,377.7,37
1401,248,2024-04-22,25.21,2
1402,249,2024-12-09,421.17,42
1403,249,2025-01-08,21.58,2
1404,249,2024-11-25,398.22,39
1405,249,2024-12-19,171.66,17
1406,250,2024-12-11,102.53,10
1407,250,2025-01-05,263.25,26
1408,251,2024-10-05,297.56,29
1409,251,2024-09-04,65.15,6
1410,251,2025-02-10,92.43,9
1411,251,2024-09-04,87.6,8
1412,252,2025-03-04,257.7,25
1413,252,2025-03-01,283.71,28
1414,253,2025-02-08,40.83,4
1415,253,2024-06-03,433.12,43
1416,253,2024-12-20,454.91,45
1417,253,2025-01-11,443.63,44
1418,253,2024-07-23,201.67,20
1419,253,2024-02-09,373.97,37
1420,253,2024-02-17,487.54,48
1421,253,2024-08-19,433.08,43
1422,253,2024-08-15,368.2,36
1423,254,2025-01-10,394.84,39
1424,254,2025-02-12,37.85,3
1425,254,2025-02-07,232.46,23
1426,254,2025-03-04,448.43,44
1427,254,2025-01-25,32.52,3
1428,254,2025-01-10,332.64,33
1429,254,2025-02-05,26.63,2
1430,255,2025-01-04,225.64,22
1431,255,2025-01-22,417.49,41
1432,255,2025-03-05,396.22,39
1433,255,2025-01-09,165.05,16
1434,255,2024-12-31,142.55,14
1435,255,2025-02-10,160.17,16
1436,255,2025-03-06,232.89,23
1437,255,2025-03-03,138.81,13
1438,255,2025-01-01,285.31,28
1439,256,2025-02-15,407.47,40
1440,256,2024-12-16,36.35,3
1441,256,2024-11-08,152.81,15
1442,256,2025-02-07,43.45,4
1443,256,2025-01-17,245.66,24
1444,256,2024-12-27,157.93,15
1445,256,2024-11-27,226.56,22
1446,257,2024-12-19,345.07,34
1447,257,2024-01-31,201.17,20
1448,257,2023-12-04,434.92,43
1449,257,2023-12-14,122.7,12
1450,257,2024-04-10,353.62,35
1451,257,2025-01-15,53.22,5
1452,257,2024-12-20,187.25,18
1453,257,2024-03-10,11.66,1
1454,257,2023-11-02,411.95,41
1455,257,2024-09-20,202.93,20
1456,258,2024-06-11,162.41,16
1457,258,2024-09-08,27.62,2
1458,258,2024-05-01,311.13,31
1459,258,2024-06-13,265.03,26
1460,258,2024-12-21,382.68,38
1461,259,2024-10-10,279.02,27
1462,259,2024-12-17,89.77,8
1463,259,2025-01-15,489.63,48
1464,259,2024-11-21,291.12,29
1465,259,2024-10-09,399.07,39
1466,259,2025-01-15,175.33,17
1467,259,2024-09-07,114.12,11
1468,260,2024-11-20,330.17,33
1469,260,2024-12-29,72.96,7
1470,260,2025-01-09,299.8,29
1471,261,2024-09-21,441.03,44
1472,261,2025-01-27,181.41,18
1473,261,2025-03-01,451.89,45
1474,261,2025-01-14,336.85,33
1475,261,2024-09-10,62.95,6
1476,261,2024-10-27,276.97,27
1477,261,2024-12-04,290.37,29
1478,262,2024-05-19,360.45,36
1479,262,2025-02-07,288.99,28
1480,262,2024-08-27,445.54,44
1481,262,2024-05-05,362.79,36
1482,263,2024-11-19,459.78,45
1483,263,2025-02-23,333.67,33
1484,263,2024-10-16,60.27,6
1485,263,2024-05-20,321.29,32
1486,263,2024-12-10,285.45,28
1487,263,2025-01-17,43.78,4
1488,263,2024-05-22,65.76,6
1489,263,2024-11-28,438.98,43
1490,263,2025-01-14,108.87,10
1491,264,2024-10-26,60.18,6
1492,265,2024-09-25,46.51,4
1493,265,2024-06-29,196.66,19
1494,265,2024-08-01,242.92,24
1495,265,2025-02-11,305.16,30
1496,265,2024-07-06,86.26,8
1497,265,2025-01-20,169.09,16
1498,265,2024-08-11,166.97,16
1499,266,2024-05-13,129.85,12
1500,266,2023-10-08,434.85,43
1501,266,2024-02-16,221.9,22
1502,266,2024-06-26,313.05,31
1503,266,2025-01-08,443.16,44
1504,266,2023-05-07,435.2,43
1505,266,2024-08-14,59.78,5
1506,266,2024-06-20,440.26,44
1507,266,2024-03-27,412.99,41
1508,267,2025-03-07,97.63,9
1509,267,2025-03-09,262.64,26
1510,268,2023-09-22,222.25,22
1511,268,2023-10-20,476.85,47
1512,268,2024-09-03,209.38,20
1513,268,2024-08-28,441.55,44
1514,268,2024-02-20,491.05,49
1515,268,2024-03-12,348.21,34
1516,268,2024-12-30,412.58,41
1517,269,2024-06-08,446.09,44
1518,269,2024-11-09,426.8,42
1519,269,2024-05-08,179.63,17
1520,269,2024-07-13,244.25,24
1521,269,2024-07-16,427.31,42
1522,269,2024-08-14,253.49,25
1523,270,2024-03-04,340.25,34
1524,270,2024-08-05,134.77,13
1525,270,2024-10-25,284.6,28
1526,271,2024-04-14,105.14,10
1527,271,2024-07-26,137.23,13
1528,271,2024-03-01,116.45,11
1529,272,2024-04-13,247.65,24
1530,272,2024-06-16,159.48,15
1531,272,2024-05-23,60.23,6
1532,272,2024-11-19,496.89,49
1533,273,2024-12-26,420.49,42
1534,273,2024-08-16,56.2,5
1535,273,2025-03-03,385.61,38
1536,273,2024-12-31,251.72,25
1537,273,2024-12-21,431.49,43
1538,273,2024-09-19,338.55,33
1539,273,2024-03-11,393.4,39
1540,273,2024-11-28,306.9,30
1541,274,2024-12-05,404.99,40
1542,274,2024-05-29,269.04,26
1543,274,2024-05-24,98.78,9
1544,274,2024-04-30,200.36,20
1545,274,2025-02-27,58.26,5
1546,274,2025-01-12,228.86,22
1547,274,2024-11-07,309.59,30
1548,274,2025-02-26,407.32,40
1549,275,2024-08-09,445.15,44
1550,275,2024-12-18,365.48,36
1551,275,2024-10-23,91.74,9
1552,275,2024-05-29,202.79,20
1553,275,2024-06-09,390.62,39
1554,275,2024-10-03,414.71,41
1555,275,2023-12-20,374.5,37
1556,275,2024-06-21,309.66,30
1557,276,2024-06-29,55.73,5
1558,276,2025-01-28,94.97,9
1559,276,2024-10-17,385.07,38
1560,277,2025-03-03,186.11,18
1561,277,2025-03-08,46.1,4
1562,277,2025-03-04,240.29,24
1563,277,2025-03-05,138.38,13
1564,277,2025-03-08,430.29,43
1565,277,2025-03-07,67.85,6
1566,277,2025-03-01,303.9,30
1567,278,2025-01-02,134.36,13
1568,278,2023-10-19,490.56,49
1569,278,2023-11-30,171.66,17
1570,278,2024-12-31,443.95,44
1571,278,2024-07-26,168.64,16
1572,279,2025-03-04,404.15,40
1573,279,2025-03-04,409.79,40
1574,279,2025-03-07,362.88,36
1575,279,2025-03-06,460.06,46
1576,279,2025-03-08,382.23,38
1577,279,2025-03-10,348.28,34
1578,279,2025-02-28,161.9,16
1579,279,2025-02-27,90.79,9
1580,279,2025-03-10,274.16,27
1581,280,2024-10-03,257.51,25
1582,280,2024-06-15,403.12,40
1583,280,2024-09-25,397.9,39
1584,281,2024-11-01,154.29,15
1585,281,2023-12-24,419.26,41
1586,282,2023-07-19,100.84,10
1587,283,2024-08-19,179.21,17
1588,283,2024-12-03,151.72,15
1589,283,2024-04-14,270.77,27
1590,283,2025-03-01,148.97,14
1591,283,2024-03-02,73.57,7
1592,283,2024-11-03,319.91,31
1593,284,2024-06-09,201.07,20
1594,284,2024-09-06,229.43,22
1595,284,2025-01-09,94.57,9
1596,284,2024-10-11,276.16,27
1597,284,2024-07-31,305.48,30
1598,284,2024-06-14,139.63,13
1599,284,2024-03-18,258.72,25
1600,285,2024-12-14,23.83,2
1601,285,2024-12-03,481.36,48
1602,285,2025-03-08,31.15,3
1603,285,2024-10-16,321.94,32
1604,285,2025-02-14,179.66,17
1605,285,2024-12-27,11.59,1
1606,285,2024-10-20,472.01,47
1607,285,2024-11-04,317.66,31
1608,285,2025-02-27,228.84,22
1609,286,2025-02-16,405.37,40
1610,286,2023-10-03,51.31,5
1611,286,2024-03-28,161.09,16
1612,286,2023-10-13,152.49,15
1613,286,2025-02-25,137.94,13
1614,286,2024-02-12,265.7,26
1615,286,2023-10-19,347.13,34
1616,286,2023-11-26,426.95,42
1617,286,2024-10-03,220.14,22
1618,286,2024-12-09,395.58,39
1619,287,2025-03-08,14.5,1
1620,287,2025-02-12,317.6,31
1621,287,2025-02-12,335.25,33
1622,287,2025-03-01,160.32,16
1623,287,2025-02-14,96.48,9
1624,287,2025-02-16,306.78,30
1625,287,2025-02-07,84.74,8
1626,287,2025-03-08,358.89,35
1627,287,2025-02-24,109.74,10
1628,287,2025-02-26,264.79,26
1629,288,2023-12-05,393.38,39
1630,289,2024-12-02,56.73,5
1631,289,2024-09-09,170.36,17
1632,289,2024-09-24,206.34,20
1633,289,2024-09-09,168.46,16
1634,289,2024-11-27,160.11,16
1635,289,2025-02-16,422.74,42
1636,290,2024-11-23,33.1,3
1637,290,2024-12-26,47.24,4
1638,291,2024-10-28,113.6,11
1639,291,2025-03-08,311.45,31
1640,292,2024-09-12,114.52,11
1641,292,2024-10-25,283.02,28
1642,292,2024-09-20,222.83,22
1643,292,2024-05-17,241.01,24
1644,292,2024-12-18,297.25,29
1645,292,2024-10-30,88.08,8
1646,292,2024-07-20,57.7,5
1647,292,2024-12-27,308.17,30
1648,293,2023-12-12,250.97,25
1649,293,2023-09-30,263.67,26
1650,293,2024-12-22,376.72,37
1651,294,2024-11-19,287.86,28
1652,294,2024-06-09,82.95,8
1653,294,2025-02-24,338.68,33
1654,294,2023-08-11,185.9,18
1655,294,2023-10-25,442.38,44
1656,294,2025-01-02,282.87,28
1657,294,2025-02-19,423.16,42
1658,294,2024-07-26,362.82,36
1659,295,2024-03-05,117.53,11
1660,295,2024-07-28,233.27,23
1661,296,2024-09-11,407.86,40
1662,296,2024-09-06,287.84,28
1663,296,2024-12-09,224.17,22
1664,296,2024-09-08,262.18,26
1665,296,2025-01-22,101.23,10
1666,296,2024-09-18,286.98,28
1667,296,2024-09-11,94.99,9
1668,297,2024-10-23,272.53,27
1669,297,2025-01-23,152.65,15
1670,297,2025-01-15,402.26,40
1671,297,2025-01-17,74.44,7
1672,297,2025-01-12,289.1,28
1673,297,2024-12-05,491.89,49
1674,297,2024-12-07,299.15,29
1675,298,2024-04-23,441.86,44
1676,298,2024-08-11,319.17,31
1677,298,2024-11-15,489.25,48
1678,298,2024-02-27,195.73,19
1679,298,2024-03-05,72.4,7
1680,298,2025-02-07,300.14,30
1681,298,2024-12-17,227.48,22
1682,298,2024-11-12,419.8,41
1683,298,2024-12-11,278.92,27
1684,298,2024-04-26,266.62,26
1685,299,2025-01-19,390.04,39
1686,299,2024-12-02,68.74,6
1687,299,2024-11-03,224.58,22
1688,299,2024-12-27,399.47,39
1689,299,2024-11-23,460.01,46
1690,299,2024-12-11,471.01,47
1691,299,2024-10-10,86.98,8
1692,299,2024-10-27,79.01,7
1693,300,2025-01-09,133.05,13
1694,300,2024-08-17,236.53,23
1695,300,2025-03-08,369.58,36
1696,300,2024-11-27,245.65,24
1697,300,2024-04-26,139.49,13
1698,300,2024-05-19,201.98,20
1699,300,2025-02-11,100.84,10
1700,300,2024-08-15,446.58,44
1701,301,2025-02-05,310.89,31
1702,301,2025-02-15,34.24,3
1703,301,2025-02-11,449.19,44
1704,302,2025-01-06,316.56,31
1705,302,2024-10-25,190.77,19
1706,302,2024-11-25,79.83,7
1707,302,2025-02-05,297.64,29
1708,303,2024-12-09,490.23,49
1709,303,2024-09-13,263.73,26
1710,303,2024-04-12,295.26,29
1711,303,2024-05-23,452.88,45
1712,303,2024-10-01,371.01,37
1713,303,2025-02-16,327.22,32
1714,303,2024-07-18,317.43,31
1715,304,2025-01-08,255.98,25
1716,305,2025-01-26,91.61,9
1717,305,2024-02-26,127.39,12
1718,305,2023-08-19,65.54,6
1719,305,2024-01-09,306.01,30
1720,305,2024-08-14,67.75,6
1721,305,2023-12-30,199.19,19
1722,305,2023-12-13,312.89,31
1723,305,2023-11-27,129.39,12
1724,305,2024-05-30,302.58,30
1725,305,2023-05-13,143.18,14
1726,306,2024-08-04,435.03,43
1727,306,2023-09-10,77.84,7
1728,306,2024-12-08,169.97,16
1729,306,2023-09-20,62.54,6
1730,306,2024-01-26,269.22,26
1731,306,2024-12-28,351.41,35
1732,306,2024-10-24,445.91,44
1733,306,2024-09-09,386.31,38
1734,306,2024-06-11,482.07,48
1735,307,2024-12-21,251.15,25
1736,307,2024-04-24,297.97,29
1737,307,2024-05-05,260.26,26
1738,307,2024-11-16,315.39,31
1739,307,2024-10-13,355.6,35
1740,307,2024-11-20,118.7,11
1741,307,2025-03-03,113.8,11
1742,307,2024-12-07,309.32,30
1743,307,2024-06-05,40.03,4
1744,308,2025-03-04,353.27,35
1745,308,2025-03-08,333.11,33
1746,308,2025-03-07,172.27,17
1747,308,2025-03-06,173.63,17
1748,308,2025-03-03,264.72,26
1749,308,2025-03-08,221.03,22
1750,308,2025-03-10,189.53,18
1751,308,2025-03-07,446.92,44
1752,308,2025-03-08,444.02,44
1753,309,2024-05-15,463.66,46
1754,309,2023-09-17,297.35,29
1755,310,2024-12-08,49.29,4
1756,310,2024-02-28,315.19,31
1757,310,2024-08-23,462.51,46
1758,310,2025-02-21,188.07,18
1759,310,2024-10-28,468.42,46
1760,310,2025-02-24,50.43,5
1761,310,2024-05-28,438.5,43
1762,310,2025-02-04,49.34,4
1763,311,2024-03-04,59.51,5
1764,311,2024-01-18,269.97,26
1765,311,2024-06-19,88.62,8
1766,311,2024-09-26,184.43,18
1767,311,2024-10-20,95.7,9
1768,311,2024-08-18,189.92,18
1769,311,2024-04-05,161.4,16
1770,311,2024-10-26,232.7,23
1771,312,2024-08-09,357.37,35
1772,312,2024-10-30,494.44,49
1773,312,2024-10-26,60.33,6
1774,313,2024-08-01,162.9,16
1775,313,2024-09-07,17.72,1
1776,313,2025-01-08,357.03,35
1777,314,2025-01-06,479.29,47
1778,314,2025-01-06,395.37,39
1779,314,2024-12-14,89.45,8
1780,314,2025-01-28,255.45,25
1781,315,2023-11-20,281.89,28
1782,315,2024-12-14,84.9,8
1783,315,2023-11-15,378.12,37
1784,315,2024-09-18,156.96,15
1785,315,2024-04-25,196.61,19
1786,315,2024-07-21,181.8,18
1787,315,2024-10-30,59.1,5
1788,315,2024-11-19,127.55,12
1789,316,2024-12-21,181.86,18
1790,316,2024-11-05,444.7,44
1791,316,2024-12-05,257.38,25
1792,316,2025-01-05,103.67,10
1793,316,2025-03-01,285.0,28
1794,316,2025-02-18,266.67,26
1795,317,2025-03-01,301.09,30
1796,317,2025-02-16,438.1,43
1797,317,2025-02-13,257.47,25
1798,318,2023-05-28,192.55,19
1799,318,2024-06-03,206.02,20
1800,318,2024-10-24,493.15,49
1801,319,2023-05-12,487.2,48
1802,319,2025-01-03,313.99,31
1803,319,2024-04-11,219.24,21
1804,319,2024-04-05,490.23,49
1805,319,2024-11-08,106.37,10
1806,319,2023-11-19,250.38,25
1807,319,2023-10-19,166.1,16
1808,319,2024-01-07,100.61,10
1809,319,2023-10-23,348.75,34
1810,319,2025-01-06,278.38,27
1811,320,2024-09-03,83.12,8
1812,320,2024-10-11,126.88,12
1813,320,2025-03-05,403.4,40
1814,320,2024-09-11,239.41,23
1815,320,2025-01-28,364.15,36
1816,320,2025-02-18,423.56,42
1817,320,2024-10-26,401.4,40
1818,320,2025-02-16,320.73,32
1819,320,2025-03-02,169.99,16
1820,320,2025-03-04,49.59,4
1821,321,2024-12-07,318.71,31
1822,321,2024-03-20,304.35,30
1823,321,2024-08-23,99.7,9
1824,321,2024-10-30,56.79,5
1825,321,2024-04-29,425.32,42
1826,321,2024-06-22,366.62,36
1827,321,2024-08-21,369.38,36
1828,321,2024-01-28,389.62,38
1829,321,2025-01-24,62.37,6
1830,322,2024-07-20,370.9,37
1831,322,2024-11-24,286.86,28
1832,322,2024-03-17,478.86,47
1833,322,2024-03-10,441.87,44
1834,322,2024-12-15,241.03,24
1835,322,2024-05-05,283.03,28
1836,322,2024-08-13,134.49,13
1837,322,2024-12-08,92.63,9
1838,322,2024-07-13,33.07,3
1839,322,2025-03-01,374.99,37
1840,323,2025-03-10,358.63,35
1841,323,2025-03-10,240.33,24
1842,323,2025-03-09,180.36,18
1843,323,2025-03-10,82.54,8
1844,324,2024-05-25,369.53,36
1845,324,2024-09-06,412.94,41
1846,324,2023-12-23,326.12,32
1847,324,2025-01-26,268.21,26
1848,324,2024-05-30,35.31,3
1849,324,2024-10-18,347.44,34
1850,324,2024-09-14,318.24,31
1851,325,2025-02-19,362.77,36
1852,325,2025-02-17,201.14,20
1853,325,2025-02-14,390.33,39
1854,325,2025-02-21,420.82,42
1855,325,2025-03-06,90.76,9
1856,325,2025-02-12,47.43,4
1857,326,2023-07-19,371.15,37
1858,326,2023-09-24,424.01,42
1859,326,2023-08-17,343.99,34
1860,326,2025-03-09,142.62,14
1861,327,2024-06-27,271.81,27
1862,328,2024-12-25,472.14,47
1863,328,2025-02-19,352.22,35
1864,328,2025-01-06,330.65,33
1865,328,2025-01-25,27.6,2
1866,329,2024-07-29,85.92,8
1867,329,2024-10-21,27.3,2
1868,329,2024-04-10,37.72,3
1869,329,2024-06-20,366.16,36
1870,329,2024-10-17,484.42,48
1871,329,2024-02-20,420.5,42
1872,330,2024-12-08,498.52,49
1873,330,2024-10-20,129.37,12
1874,330,2024-09-30,300.28,30
1875,331,2024-08-18,284.8,28
1876,331,2024-07-31,328.91,32
1877,331,2024-12-16,255.81,25
1878,331,2025-02-06,29.12,2
1879,331,2024-08-06,192.71,19
1880,331,2024-09-04,387.38,38
1881,331,2025-03-01,146.06,14
1882,331,2024-12-31,86.03,8
1883,331,2024-08-11,103.55,10
1884,332,2025-02-25,472.52,47
1885,332,2025-03-08,407.54,40
1886,332,2025-02-20,108.3,10
1887,332,2025-02-20,16.5,1
1888,332,2025-02-26,142.75,14
1889,332,2025-03-05,333.46,33
1890,332,2025-02-26,345.12,34
1891,332,2025-03-02,371.52,37
1892,333,2024-07-23,172.76,17
1893,333,2023-11-09,199.98,19
1894,334,2024-11-22,138.18,13
1895,334,2025-01-27,343.96,34
1896,334,2024-09-15,80.76,8
1897,334,2024-09-15,453.12,45
1898,334,2024-12-01,203.75,20
1899,334,2024-11-17,58.24,5
1900,334,2024-10-20,285.37,28
1901,335,2024-12-21,161.1,16
1902,335,2025-03-01,345.74,34
1903,335,2025-02-02,162.13,16
1904,335,2025-02-06,273.52,27
1905,335,2025-02-10,298.02,29
1906,336,2025-01-03,160.41,16
1907,336,2024-04-02,74.61,7
1908,336,2024-07-06,233.63,23
1909,336,2024-06-27,271.41,27
1910,336,2024-10-27,262.48,26
1911,336,2024-10-08,422.59,42
1912,336,2025-03-07,392.89,39
1913,336,2024-04-30,122.15,12
1914,337,2024-11-01,108.72,10
1915,337,2024-09-02,142.96,14
1916,337,2025-01-30,147.9,14
1917,337,2024-02-22,318.68,31
1918,337,2024-09-10,11.44,1
1919,337,2023-03-22,26.2,2
1920,337,2024-02-25,330.48,33
1921,337,2025-03-01,375.83,37
1922,337,2023-09-30,352.49,35
1923,337,2024-10-15,267.92,26
1924,338,2025-01-29,463.72,46
1925,338,2025-03-04,236.94,23
1926,338,2025-01-05,214.92,21
1927,338,2024-12-19,216.69,21
1928,338,2025-02-01,119.31,11
1929,338,2024-12-03,368.62,36
1930,338,2025-01-18,297.25,29
1931,339,2024-07-10,354.99,35
1932,339,2025-01-21,67.6,6
1933,339,2024-08-06,32.23,3
1934,339,2024-07-12,327.83,32
1935,339,2024-12-03,346.22,34
1936,339,2024-12-04,308.24,30
1937,339,2024-09-02,103.75,10
1938,339,2024-07-03,236.58,23
1939,340,2025-01-03,341.55,34
1940,340,2024-10-13,168.92,16
1941,340,2024-10-08,84.78,8
1942,340,2025-03-09,400.95,40
1943,340,2025-02-24,35.75,3
1944,340,2024-12-20,183.45,18
1945,340,2025-02-14,272.26,27
1946,340,2024-10-17,382.94,38
1947,340,2024-11-12,400.47,40
1948,340,2025-02-03,62.78,6
1949,341,2024-05-22,81.98,8
1950,341,2024-07-10,134.38,13
1951,342,2025-03-06,157.56,15
1952,342,2025-03-04,459.74,45
1953,342,2025-03-07,471.8,47
1954,342,2025-03-05,161.63,16
1955,342,2025-03-08,40.63,4
1956,342,2025-03-09,405.15,40
1957,342,2025-03-03,309.97,30
1958,343,2024-07-19,131.91,13
1959,343,2023-07-08,322.92,32
1960,343,2023-10-17,394.24,39
1961,343,2023-11-04,230.64,23
1962,344,2023-08-18,389.16,38
1963,344,2024-11-01,280.38,28
1964,344,2023-09-29,177.13,17
1965,344,2023-06-19,488.17,48
1966,344,2024-12-22,262.0,26
1967,344,2023-10-12,422.17,42
1968,345,2025-03-10,247.82,24
1969,345,2025-03-06,183.0,18
1970,345,2025-02-16,348.05,34
1971,345,2025-02-13,294.05,29
1972,345,2025-01-31,152.49,15
1973,345,2025-02-26,76.13,7
1974,345,2024-11-09,17.47,1
1975,345,2024-11-17,126.82,12
1976,345,2024-11-13,103.82,10
1977,345,2024-12-08,310.89,31
1978,346,2025-03-06,165.61,16
1979,346,2025-02-03,399.76,39
1980,346,2025-02-01,63.3,6
1981,346,2025-02-17,306.7,30
1982,347,2024-12-31,462.69,46
1983,347,2025-01-29,414.99,41
1984,347,2025-02-13,132.32,13
1985,347,2025-03-02,462.36,46
1986,347,2025-02-27,88.19,8
1987,347,2024-12-29,271.92,27
1988,347,2025-01-26,253.05,25
1989,347,2025-01-12,77.83,7
1990,347,2025-03-03,418.59,41
1991,347,2025-01-17,421.65,42
1992,348,2024-06-07,93.45,9
1993,348,2025-01-23,80.09,8
1994,348,2024-09-14,467.53,46
1995,348,2024-11-22,391.28,39
1996,348,2024-05-27,436.87,43
1997,349,2024-03-29,264.39,26
1998,349,2024-11-21,163.72,16
1999,350,2025-01-06,131.93,13
2000,351,2025-02-14,207.71,20
2001,351,2024-11-23,53.11,5
2002,351,2025-01-11,160.98,16
2003,351,2024-09-25,308.53,30
2004,351,2024-11-30,141.83,14
2005,351,2024-12-19,289.5,28
2006,351,2024-11-06,183.48,18
2007,351,2024-12-11,271.53,27
2008,351,2025-01-06,449.36,44
2009,352,2025-01-24,488.79,48
2010,353,2024-12-06,263.74,26
2011,353,2025-02-15,469.72,46
2012,353,2024-12-29,90.34,9
2013,353,2024-07-09,80.42,8
2014,353,2024-08-24,463.26,46
2015,353,2024-07-15,310.14,31
2016,353,2024-09-18,85.73,8
2017,354,2024-09-19,79.21,7
2018,354,2025-01-07,48.83,4
2019,354,2024-10-05,214.68,21
2020,354,2024-12-26,322.45,32
2021,354,2025-01-16,478.24,47
2022,354,2024-12-22,196.24,19
2023,355,2023-11-29,54.04,5
2024,356,2025-01-26,142.15,14
2025,356,2024-12-29,246.84,24
2026,356,2024-12-28,455.43,45
2027,356,2025-01-27,35.49,3
2028,357,2025-03-07,268.73,26
2029,357,2025-02-05,170.46,17
2030,357,2025-01-07,423.02,42
2031,357,2025-02-08,496.19,49
2032,357,2025-01-16,440.42,44
2033,357,2025-02-21,417.6,41
2034,358,2023-12-16,123.81,12
2035,358,2024-12-18,261.54,26
2036,358,2024-01-24,487.03,48
2037,358,2024-06-11,236.63,23
2038,358,2024-10-22,225.13,22
2039,358,2024-02-11,331.38,33
2040,359,2024-08-10,391.71,39
2041,359,2023-09-14,280.9,28
2042,359,2024-08-17,392.95,39
2043,359,2024-08-16,271.28,27
2044,359,2024-12-19,152.39,15
2045,360,2024-04-27,176.19,17
2046,360,2025-02-07,215.01,21
2047,360,2025-01-06,100.93,10
2048,360,2024-11-28,14.75,1
2049,361,2025-02-12,148.75,14
2050,361,2024-10-25,251.5,25
2051,361,2024-07-02,435.52,43
2052,362,2025-02-10,204.63,20
2053,362,2025-03-05,70.7,7
2054,362,2025-02-15,290.09,29
2055,362,2025-02-11,105.04,10
2056,362,2025-02-19,136.62,13
2057,362,2025-02-28,153.82,15
2058,363,2024-06-06,179.46,17
2059,363,2024-03-09,316.22,31
2060,363,2024-02-06,136.29,13
2061,363,2024-02-01,20.74,2
2062,363,2024-04-05,155.71,15
2063,363,2024-10-14,491.46,49
2064,363,2024-10-15,218.76,21
2065,363,2025-02-11,123.15,12
2066,363,2025-01-21,108.78,10
2067,363,2025-01-24,395.93,39
2068,364,2025-01-22,411.24,41
2069,364,2024-02-06,389.75,38
2070,364,2023-11-24,294.14,29
2071,364,2024-06-21,69.69,6
2072,365,2024-03-23,184.06,18
2073,365,2025-02-20,290.6,29
2074,365,2024-12-21,36.96,3
2075,365,2023-11-17,344.99,34
2076,365,2023-06-07,62.25,6
2077,365,2023-09-07,342.8,34
2078,365,2024-02-21,328.38,32
2079,365,2024-12-18,117.49,11
2080,365,2024-11-23,304.79,30
2081,366,2024-09-28,364.1,36
2082,366,2024-10-26,217.6,21
2083,366,2024-10-09,479.45,47
2084,366,2024-10-31,32.57,3
2085,366,2024-07-30,21.51,2
2086,366,2024-09-22,348.97,34
2087,367,2024-12-04,299.62,29
2088,367,2025-01-29,57.61,5
2089,367,2024-07-01,423.03,42
2090,367,2024-09-16,158.4,15
2091,368,2024-08-20,385.48,38
2092,368,2024-10-07,330.69,33
2093,368,2024-06-18,254.99,25
2094,369,2024-12-26,300.25,30
2095,369,2024-11-04,144.4,14
2096,369,2024-06-09,178.96,17
2097,370,2025-01-26,318.52,31
2098,370,2024-10-02,104.44,10
2099,370,2024-11-05,464.2,46
2100,370,2024-10-10,258.05,25
2101,371,2024-11-22,70.65,7
2102,371,2024-09-14,431.91,43
2103,372,2023-12-26,195.98,19
2104,373,2024-05-12,385.74,38
2105,373,2024-03-26,244.09,24
2106,373,2024-04-28,22.17,2
2107,373,2024-08-08,249.67,24
2108,373,2023-12-15,326.24,32
2109,373,2024-05-13,448.42,44
2110,373,2023-11-11,220.23,22
2111,373,2024-04-26,287.08,28
2112,373,2024-03-08,397.64,39
2113,373,2024-11-04,154.09,15
2114,374,2025-01-14,50.85,5
2115,374,2025-02-11,315.55,31
2116,374,2025-03-04,476.92,47
2117,375,2025-02-25,231.99,23
2118,375,2025-02-28,302.31,30
2119,375,2025-02-24,245.2,24
2120,375,2025-03-10,16.21,1
2121,375,2025-03-06,79.09,7
2122,375,2025-03-09,492.39,49
2123,375,2025-03-09,201.85,20
2124,376,2024-10-29,148.96,14
2125,376,2024-11-27,134.46,13
2126,376,2025-02-06,39.42,3
2127,376,2025-02-26,423.94,42
2128,376,2024-10-25,158.99,15
2129,377,2025-03-08,48.21,4
2130,377,2025-02-09,479.31,47
2131,377,2025-02-15,427.77,42
2132,377,2025-02-15,71.95,7
2133,377,2025-03-03,13.63,1
2134,377,2025-01-28,170.37,17
2135,377,2025-02-09,31.49,3
2136,377,2025-02-23,71.23,7
2137,377,2025-02-27,289.65,28
2138,377,2025-02-08,46.71,4
2139,378,2025-01-02,385.79,38
2140,378,2024-11-08,111.6,11
2141,378,2024-04-25,237.07,23
2142,378,2024-04-01,414.47,41
2143,378,2025-03-08,446.3,44
2144,379,2025-02-25,302.16,30
2145,379,2025-01-15,332.17,33
2146,380,2025-01-04,41.3,4
2147,381,2024-07-31,234.48,23
2148,381,2024-12-11,356.89,35
2149,381,2024-11-10,485.23,48
2150,381,2024-08-27,84.69,8
2151,382,2025-02-24,180.33,18
2152,382,2025-02-04,65.67,6
2153,383,2023-08-13,422.38,42
2154,383,2024-02-15,479.39,47
2155,383,2025-01-22,469.1,46
2156,384,2024-07-22,394.51,39
2157,384,2023-08-20,69.95,6
2158,384,2025-01-15,314.55,31
2159,384,2023-07-25,87.96,8
2160,384,2024-05-20,401.74,40
2161,384,2024-07-02,433.4,43
2162,384,2023-12-26,261.35,26
2163,384,2024-09-29,254.6,25
2164,384,2024-04-19,228.76,22
2165,385,2024-01-27,50.64,5
2166,385,2024-07-28,62.99,6
2167,385,2023-08-09,204.07,20
2168,385,2023-09-20,235.38,23
2169,385,2024-06-27,242.88,24
2170,386,2024-07-27,330.66,33
2171,387,2025-02-25,329.46,32
2172,387,2025-03-04,190.79,19
2173,387,2025-03-06,416.24,41
2174,387,2025-02-22,136.45,13
2175,387,2025-02-15,174.0,17
2176,387,2025-02-11,159.35,15
2177,387,2025-02-28,92.29,9
2178,387,2025-02-19,215.0,21
2179,387,2025-02-24,135.89,13
2180,387,2025-03-03,382.44,38
2181,388,2025-02-28,49.6,4
2182,389,2024-05-31,468.23,46
2183,389,2024-03-10,233.76,23
2184,389,2024-01-28,244.22,24
2185,389,2025-02-15,27.85,2
2186,389,2024-10-04,256.44,25
2187,389,2024-07-19,336.44,33
2188,389,2024-01-16,258.35,25
2189,389,2024-07-16,105.9,10
2190,389,2024-01-06,315.48,31
2191,390,2023-07-03,328.45,32
2192,390,2024-07-29,411.64,41
2193,390,2023-08-24,323.69,32
2194,390,2024-05-19,66.52,6
2195,391,2024-11-06,392.43,39
2196,391,2025-01-17,393.67,39
2197,391,2024-12-31,31.08,3
2198,391,2024-03-21,76.95,7
2199,391,2024-04-06,190.46,19
2200,391,2025-02-18,192.69,19
2201,391,2024-08-11,50.21,5
2202,391,2024-10-16,330.16,33
2203,392,2023-12-23,313.6,31
2204,392,2023-06-02,20.83,2
2205,392,2023-04-20,13.47,1
2206,392,2023-10-17,475.33,47
2207,392,2024-12-18,196.69,19
2208,392,2024-11-04,162.9,16
2209,392,2023-07-02,230.29,23
2210,392,2023-11-28,189.98,18
2211,392,2025-02-12,280.21,28
2212,393,2024-08-27,254.65,25
2213,393,2025-02-02,411.35,41
2214,393,2024-09-23,32.03,3
2215,393,2024-08-31,50.78,5
2216,393,2024-05-18,266.92,26
2217,394,2024-08-06,285.21,28
2218,394,2023-11-16,287.15,28
2219,394,2025-02-03,493.35,49
2220,394,2024-05-16,263.27,26
2221,394,2025-01-18,442.6,44
2222,394,2024-09-25,322.21,32
2223,394,2023-12-03,60.5,6
2224,394,2024-04-12,365.82,36
2225,395,2025-02-13,75.78,7
2226,395,2024-12-06,97.55,9
2227,396,2025-03-07,334.17,33
2228,396,2024-11-12,420.53,42
2229,396,2024-09-01,129.83,12
2230,396,2025-01-19,326.8,32
2231,396,2024-07-26,380.21,38
2232,396,2024-06-21,192.54,19
2233,396,2024-07-27,78.27,7
2234,396,2024-07-11,341.33,34
2235,397,2024-09-23,174.1,17
2236,397,2024-06-09,94.54,9
2237,397,2025-02-23,415.83,41
2238,397,2024-06-12,275.33,27
2239,397,2025-02-12,307.19,30
2240,397,2025-01-25,43.12,4
2241,397,2024-10-25,251.96,25
2242,397,2024-05-04,473.36,47
2243,398,2024-07-12,361.2,36
2244,398,2024-12-11,38.0,3
2245,398,2025-02-09,374.06,37
2246,398,2024-08-17,383.54,38
2247,398,2024-04-14,403.66,40
2248,398,2024-10-14,485.79,48
2249,398,2024-08-22,208.49,20
2250,398,2024-11-29,261.47,26
2251,399,2023-09-14,205.17,20
2252,399,2023-11-12,85.83,8
2253,399,2023-10-19,218.29,21
2254,399,2023-09-23,53.24,5
2255,399,2024-02-11,454.03,45
2256,399,2023-12-06,467.87,46
2257,399,2024-05-01,62.42,6
2258,399,2024-12-10,309.07,30
2259,399,2024-11-24,396.29,39
2260,400,2024-07-03,270.93,27
2261,400,2024-01-16,312.04,31
2262,400,2024-04-11,171.63,17
2263,400,2024-04-12,39.67,3
2264,400,2025-01-29,180.46,18
2265,400,2024-11-29,101.31,10
2266,400,2024-12-16,155.07,15
2267,400,2024-07-19,245.33,24
2268,400,2024-11-18,59.68,5
2269,400,2024-03-07,409.45,40
2270,401,2023-08-22,43.14,4
2271,401,2024-06-07,247.92,24
2272,401,2025-02-25,86.37,8
2273,401,2024-03-01,13.28,1
2274,401,2024-04-02,224.23,22
2275,401,2024-03-22,22.9,2
2276,401,2024-01-24,472.22,47
2277,401,2024-03-09,109.04,10
2278,401,2023-11-23,409.06,40
2279,402,2024-12-22,135.14,13
2280,402,2024-11-04,346.85,34
2281,402,2024-12-30,218.28,21
2282,402,2024-12-08,117.27,11
2283,402,2024-05-09,428.18,42
2284,402,2024-05-12,207.2,20
2285,402,2024-09-16,483.93,48
2286,402,2024-08-11,437.91,43
2287,402,2024-07-19,243.61,24
2288,403,2023-12-28,97.08,9
2289,404,2024-11-16,124.65,12
2290,404,2025-03-06,176.17,17
2291,404,2024-11-16,91.25,9
2292,404,2025-01-30,58.66,5
2293,404,2025-01-09,32.24,3
2294,404,2024-10-31,373.29,37
2295,405,2025-01-04,176.62,17
2296,405,2025-01-17,416.32,41
2297,405,2025-01-21,412.95,41
2298,405,2025-01-22,35.67,3
2299,405,2024-12-09,10.77,1
2300,405,2025-03-05,411.98,41
2301,405,2025-02-11,195.51,19
2302,406,2024-01-05,111.87,11
2303,407,2025-03-07,248.39,24
2304,407,2024-05-30,39.99,3
2305,407,2024-08-31,94.08,9
2306,407,2025-01-01,399.37,39
2307,407,2024-06-27,484.54,48
2308,407,2024-08-07,48.13,4
2309,407,2024-10-28,92.25,9
2310,407,2024-10-14,230.08,23
2311,407,2024-10-09,88.27,8
2312,408,2024-04-01,339.5,33
2313,408,2024-07-12,114.16,11
2314,408,2024-08-08,42.48,4
2315,408,2024-01-17,497.37,49
2316,408,2024-08-09,231.14,23
2317,408,2024-04-26,493.73,49
2318,409,2024-12-08,132.83,13
2319,409,2025-02-24,359.21,35
2320,409,2024-09-25,474.01,47
2321,409,2025-02-14,259.24,25
2322,409,2024-11-03,70.61,7
2323,409,2024-10-10,493.09,49
2324,409,2025-02-15,231.23,23
2325,409,2025-03-09,296.49,29
2326,409,2025-02-02,19.62,1
2327,409,2024-12-26,149.97,14
2328,410,2024-10-06,292.73,29
2329,410,2024-07-17,462.64,46
2330,410,2024-08-02,414.22,41
2331,411,2025-03-07,163.92,16
2332,411,2025-03-01,468.93,46
2333,411,2025-03-09,251.77,25
2334,411,2025-03-05,399.31,39
2335,411,2025-02-27,57.36,5
2336,412,2024-11-23,351.38,35
2337,413,2024-07-15,469.25,46
2338,413,2024-10-05,255.61,25
2339,413,2025-02-01,402.54,40
2340,414,2024-10-14,251.03,25
2341,414,2024-05-31,190.13,19
2342,414,2024-07-15,125.38,12
2343,414,2023-12-05,303.17,30
2344,414,2024-12-01,450.56,45
2345,414,2024-07-08,121.35,12
2346,414,2024-05-30,248.52,24
2347,414,2024-04-20,337.45,33
2348,414,2025-01-19,92.98,9
2349,414,2023-12-19,154.98,15
2350,415,2024-04-29,204.2,20
2351,416,2024-11-10,445.61,44
2352,416,2024-08-27,173.03,17
2353,416,2025-02-10,43.25,4
2354,416,2024-06-17,57.28,5
2355,416,2024-05-15,192.42,19
2356,416,2024-05-22,481.23,48
2357,416,2024-08-12,284.95,28
2358,416,2024-06-06,425.8,42
2359,416,2024-05-31,370.16,37
2360,416,2025-01-28,305.0,30
2361,417,2025-02-13,329.97,32
2362,417,2024-12-24,35.72,3
2363,417,2024-12-15,171.35,17
2364,417,2025-02-25,329.15,32
2365,417,2024-10-16,127.46,12
2366,417,2024-10-14,81.94,8
2367,417,2024-06-07,85.89,8
2368,417,2024-06-15,331.86,33
2369,417,2025-03-01,46.33,4
2370,417,2025-01-26,358.47,35
2371,418,2025-02-12,359.66,35
2372,419,2025-03-02,457.57,45
2373,419,2024-07-10,222.09,22
2374,419,2024-05-20,284.04,28
2375,419,2024-08-19,437.22,43
2376,419,2024-09-11,264.41,26
2377,419,2024-06-16,362.76,36
2378,420,2024-12-27,165.65,16
2379,420,2024-10-30,20.38,2
2380,420,2023-11-08,491.33,49
2381,420,2025-02-27,445.84,44
2382,420,2024-03-06,375.7,37
2383,420,2024-12-25,21.0,2
2384,420,2025-01-25,172.32,17
2385,420,2024-11-16,65.34,6
2386,420,2024-10-21,329.53,32
2387,421,2024-02-09,21.25,2
2388,421,2025-01-27,453.9,45
2389,421,2024-12-20,303.85,30
2390,421,2025-02-06,491.61,49
2391,421,2024-11-04,217.48,21
2392,421,2024-11-11,254.58,25
2393,421,2025-01-11,46.06,4
2394,421,2024-04-11,217.38,21
2395,421,2024-04-11,39.92,3
2396,421,2024-04-20,152.15,15
2397,422,2025-02-07,407.54,40
2398,422,2025-02-28,181.06,18
2399,422,2025-03-01,410.62,41
2400,422,2025-02-14,252.69,25
2401,422,2025-01-17,12.62,1
2402,422,2025-02-12,177.71,17
2403,423,2024-10-08,40.19,4
2404,423,2024-10-06,205.73,20
2405,423,2024-10-26,18.12,1
2406,424,2024-08-05,485.97,48
2407,424,2024-11-15,392.96,39
2408,424,2025-03-08,484.95,48
2409,424,2024-09-23,78.77,7
2410,424,2024-09-02,269.2,26
2411,425,2024-09-22,76.62,7
2412,425,2024-12-08,273.76,27
2413,425,2024-10-11,314.21,31
2414,425,2024-02-22,382.25,38
2415,425,2025-01-17,195.8,19
2416,425,2024-12-23,237.55,23
2417,425,2025-02-09,99.65,9
2418,425,2024-03-05,181.82,18
2419,425,2024-08-18,147.33,14
2420,425,2024-03-11,468.72,46
2421,426,2024-11-03,490.34,49
2422,426,2024-11-13,458.45,45
2423,427,2024-08-16,297.77,29
2424,427,2024-07-02,81.74,8
2425,427,2024-08-04,415.14,41
2426,427,2024-06-29,404.85,40
2427,427,2025-03-10,333.38,33
2428,427,2024-09-25,398.88,39
2429,427,2024-04-30,457.5,45
2430,427,2025-03-02,73.53,7
2431,427,2024-05-23,19.87,1
2432,428,2023-09-18,96.27,9
2433,428,2025-02-18,76.91,7
2434,428,2024-12-30,34.67,3
2435,428,2024-03-03,326.23,32
2436,428,2024-01-21,177.07,17
2437,428,2024-08-18,82.39,8
2438,428,2023-08-23,351.34,35
2439,428,2024-10-01,444.74,44
2440,428,2023-11-20,215.73,21
2441,428,2024-04-24,74.63,7
2442,429,2024-06-01,440.03,44
2443,429,2024-03-22,433.03,43
2444,429,2024-05-30,38.65,3
2445,429,2023-12-01,214.31,21
2446,429,2024-12-21,135.81,13
2447,429,2024-04-13,123.27,12
2448,429,2024-11-17,271.1,27
2449,429,2024-06-24,42.36,4
2450,430,2024-08-31,156.16,15
2451,431,2024-11-26,378.33,37
2452,431,2024-10-29,437.49,43
2453,431,2025-02-11,425.34,42
2454,431,2024-10-27,181.25,18
2455,431,2025-01-11,262.15,26
2456,431,2024-10-15,102.05,10
2457,431,2025-02-10,483.58,48
2458,432,2025-02-21,370.36,37
2459,433,2023-12-04,305.09,30
2460,433,2024-07-15,46.64,4
2461,433,2024-12-30,63.15,6
2462,433,2024-10-15,296.82,29
2463,433,2024-07-22,380.86,38
2464,433,2024-05-10,450.56,45
2465,433,2024-01-01,454.73,45
2466,433,2024-05-15,460.73,46
2467,433,2024-07-23,67.94,6
2468,434,2024-05-16,215.09,21
2469,434,2024-08-27,170.4,17
2470,434,2024-12-24,242.08,24
2471,434,2025-02-10,229.1,22
2472,434,2024-08-22,171.25,17
2473,434,2024-08-10,384.17,38
2474,434,2023-05-19,63.03,6
2475,434,2023-09-19,224.28,22
2476,434,2023-06-18,329.47,32
2477,435,2023-04-20,245.36,24
2478,435,2024-04-10,441.98,44
2479,435,2024-09-01,97.89,9
2480,435,2024-11-17,298.24,29
2481,435,2024-02-28,428.23,42
2482,436,2025-01-04,278.88,27
2483,436,2025-02-18,78.41,7
2484,436,2025-01-22,134.98,13
2485,436,2025-02-12,35.61,3
2486,436,2025-02-20,259.25,25
2487,436,2025-02-13,23.6,2
2488,436,2025-02-28,393.24,39
2489,436,2025-02-07,399.66,39
2490,436,2025-01-03,151.05,15
2491,436,2025-01-13,188.44,18
2492,437,2025-02-04,406.67,40
2493,437,2024-02-22,440.46,44
2494,437,2023-10-18,35.48,3
2495,437,2024-06-13,376.57,37
2496,437,2024-09-28,42.4,4
2497,437,2024-09-19,50.71,5
2498,437,2024-02-02,24.55,2
2499,437,2024-10-17,120.49,12
2500,438,2024-09-01,163.16,16
2501,438,2024-08-15,465.73,46
2502,438,2024-06-16,185.42,18
2503,438,2024-08-19,341.65,34
2504,438,2024-06-23,264.82,26
2505,438,2024-11-24,192.29,19
2506,438,2024-12-14,71.09,7
2507,438,2024-07-09,250.21,25
2508,439,2025-01-21,370.05,37
2509,439,2025-01-17,101.83,10
2510,439,2025-01-15,325.97,32
2511,439,2025-03-09,246.66,24
2512,439,2025-01-09,368.85,36
2513,439,2025-01-29,365.26,36
2514,439,2025-01-04,27.18,2
2515,439,2025-02-16,203.7,20
2516,439,2025-02-18,213.65,21
2517,440,2025-02-26,89.22,8
2518,440,2025-03-08,32.23,3
2519,440,2025-03-01,484.06,48
2520,440,2025-02-24,27.8,2
2521,440,2025-03-09,51.7,5
2522,441,2025-02-20,280.19,28
2523,441,2023-11-30,349.74,34
2524,441,2023-10-05,267.5,26
2525,441,2024-12-03,98.54,9
2526,441,2023-08-24,135.6,13
2527,441,2023-11-06,97.04,9
2528,441,2024-06-01,424.08,42
2529,441,2024-11-13,312.02,31
2530,442,2024-05-18,431.27,43
2531,443,2024-08-31,395.87,39
2532,443,2024-08-18,402.87,40
2533,443,2025-03-09,56.0,5
2534,443,2024-12-18,427.75,42
2535,443,2025-01-03,340.03,34
2536,443,2024-08-11,239.82,23
2537,443,2024-08-09,53.97,5
2538,443,2024-09-13,187.48,18
2539,444,2024-06-07,63.99,6
2540,444,2024-09-23,333.82,33
2541,444,2024-05-26,251.25,25
2542,444,2024-10-14,114.32,11
2543,444,2024-08-06,334.11,33
2544,444,2025-02-19,218.33,21
2545,445,2024-02-13,429.57,42
2546,445,2025-03-05,50.23,5
2547,445,2023-11-15,172.46,17
2548,445,2024-09-30,454.54,45
2549,445,2024-12-28,408.11,40
2550,446,2023-06-03,475.4,47
2551,446,2023-12-27,55.32,5
2552,446,2024-09-17,147.39,14
2553,446,2024-02-04,322.14,32
2554,446,2023-09-06,61.47,6
2555,446,2024-07-18,169.93,16
2556,447,2025-03-07,73.36,7
2557,448,2025-02-20,333.83,33
2558,448,2024-06-21,324.33,32
2559,448,2024-04-29,172.74,17
2560,448,2024-09-07,204.96,20
2561,448,2024-11-14,36.53,3
2562,448,2024-09-15,490.3,49
2563,448,2024-10-18,440.24,44
2564,448,2024-07-30,189.88,18
2565,448,2024-12-05,155.1,15
2566,448,2025-01-23,239.85,23
2567,449,2025-01-24,41.47,4
2568,449,2024-12-15,206.36,20
2569,450,2024-02-11,144.85,14
2570,450,2024-04-22,283.87,28
2571,450,2024-07-21,93.05,9
2572,450,2025-01-04,226.39,22
2573,451,2025-02-08,484.58,48
2574,451,2025-01-13,327.42,32
2575,451,2025-01-17,262.63,26
2576,451,2024-12-26,218.68,21
2577,452,2024-08-20,82.77,8
2578,452,2024-06-13,368.55,36
2579,452,2024-11-13,122.19,12
2580,452,2025-02-28,15.87,1
2581,452,2024-10-10,135.53,13
2582,452,2024-10-09,318.26,31
2583,452,2024-07-27,46.71,4
2584,452,2025-01-02,213.81,21
2585,452,2024-11-08,322.04,32
2586,452,2025-02-05,353.73,35
2587,453,2024-10-16,60.88,6
2588,454,2024-07-18,354.24,35
2589,454,2024-04-24,226.8,22
2590,454,2024-08-12,215.18,21
2591,454,2024-08-10,444.08,44
2592,455,2024-07-12,468.86,46
2593,455,2024-03-03,254.04,25
2594,455,2025-02-21,45.07,4
2595,455,2024-09-05,27.69,2
2596,455,2024-05-10,350.21,35
2597,455,2023-08-03,124.96,12
2598,455,2024-11-20,308.75,30
2599,455,2023-08-21,88.58,8
2600,456,2025-02-18,297.42,29
2601,456,2024-06-22,317.0,31
2602,456,2024-06-26,431.75,43
2603,456,2024-05-20,14.96,1
2604,456,2024-02-18,313.16,31
2605,456,2024-05-12,394.99,39
2606,456,2024-06-25,78.87,7
2607,456,2024-04-05,201.58,20
2608,457,2024-07-19,310.9,31
2609,457,2024-06-12,279.27,27
2610,457,2024-09-05,261.45,26
2611,457,2024-12-05,373.36,37
2612,457,2024-10-21,485.53,48
2613,457,2025-02-22,254.54,25
2614,457,2024-06-16,371.3,37
2615,457,2025-02-05,492.15,49
2616,458,2024-05-23,248.46,24
2617,458,2024-12-24,38.57,3
2618,458,2024-11-12,411.8,41
2619,458,2024-01-09,364.85,36
2620,458,2025-01-05,321.12,32
2621,458,2024-07-02,47.24,4
2622,458,2024-09-24,185.55,18
2623,458,2025-01-31,236.17,23
2624,458,2024-12-02,440.04,44
2625,459,2024-04-04,447.19,44
2626,459,2024-09-30,181.97,18
2627,459,2024-04-06,244.28,24
2628,459,2025-01-13,421.66,42
2629,460,2024-09-19,78.05,7
2630,460,2024-06-03,381.92,38
2631,460,2024-06-27,480.69,48
2632,460,2024-02-10,390.23,39
2633,460,2024-05-16,369.57,36
2634,460,2024-04-01,139.34,13
2635,460,2024-07-20,79.43,7
2636,460,2024-02-23,349.86,34
2637,460,2024-12-15,23.63,2
2638,461,2025-02-24,211.36,21
2639,461,2025-03-08,400.08,40
2640,462,2025-02-28,305.65,30
2641,462,2025-02-06,67.36,6
2642,462,2024-09-26,374.01,37
2643,463,2025-03-09,360.81,36
2644,463,2025-03-09,82.79,8
2645,463,2025-03-10,243.9,24
2646,463,2025-03-09,391.97,39
2647,463,2025-03-09,80.18,8
2648,463,2025-03-09,287.14,28
2649,463,2025-03-09,319.54,31
2650,463,2025-03-09,278.94,27
2651,464,2024-12-15,161.4,16
2652,464,2024-09-30,188.79,18
2653,464,2025-02-19,239.57,23
2654,464,2025-02-02,256.43,25
2655,465,2024-12-20,421.38,42
2656,465,2024-12-14,201.54,20
2657,465,2025-01-18,154.15,15
2658,465,2025-02-24,395.06,39
2659,465,2024-12-17,159.16,15
2660,465,2025-01-13,464.64,46
2661,465,2024-12-19,91.01,9
2662,465,2025-03-05,80.84,8
2663,465,2025-02-16,339.78,33
2664,466,2024-08-24,65.53,6
2665,466,2024-06-15,121.4,12
2666,466,2024-06-08,367.7,36
2667,466,2024-07-16,70.59,7
2668,466,2024-08-12,492.24,49
2669,466,2024-10-24,274.55,27
2670,466,2025-01-23,374.76,37
2671,466,2024-11-21,365.83,36
2672,467,2024-03-18,145.25,14
2673,467,2024-06-24,86.03,8
2674,468,2025-01-24,451.52,45
2675,468,2024-07-17,166.33,16
2676,468,2024-09-26,31.6,3
2677,468,2024-06-20,446.28,44
2678,468,2024-11-20,310.72,31
2679,469,2024-03-15,125.56,12
2680,470,2024-03-14,216.16,21
2681,470,2024-08-30,286.91,28
2682,470,2024-04-22,28.79,2
2683,470,2024-03-01,154.43,15
2684,470,2024-11-02,76.25,7
2685,471,2023-12-06,384.45,38
2686,471,2023-12-20,477.27,47
2687,471,2024-02-01,181.84,18
2688,472,2024-11-27,173.64,17
2689,472,2024-10-04,415.9,41
2690,472,2024-08-24,301.69,30
2691,472,2024-08-27,106.15,10
2692,472,2024-09-16,180.54,18
2693,472,2024-09-02,249.24,24
2694,472,2024-09-10,101.92,10
2695,472,2024-09-29,307.82,30
2696,472,2024-12-14,433.23,43
2697,472,2024-09-13,370.22,37
2698,473,2025-02-27,164.52,16
2699,473,2025-02-04,35.07,3
2700,474,2024-08-03,344.95,34
2701,474,2024-05-08,106.76,10
2702,474,2024-05-24,406.64,40
2703,474,2024-02-05,76.11,7
2704,474,2024-11-13,337.52,33
2705,475,2024-03-19,433.23,43
2706,475,2024-05-26,166.97,16
2707,475,2024-08-14,379.2,37
2708,475,2024-04-09,380.55,38
2709,475,2025-01-31,223.25,22
2710,475,2025-02-03,161.02,16
2711,475,2024-03-25,364.84,36
2712,475,2025-02-28,257.01,25
2713,476,2024-10-27,185.19,18
2714,476,2025-02-23,412.16,41
2715,476,2024-11-28,82.66,8
2716,476,2024-08-31,491.69,49
2717,476,2024-12-12,143.27,14
2718,477,2024-01-21,105.09,10
2719,477,2025-02-06,478.56,47
2720,477,2024-05-06,46.65,4
2721,477,2024-04-29,169.67,16
2722,477,2024-06-13,279.82,27
2723,477,2024-01-30,230.62,23
2724,477,2024-11-07,322.48,32
2725,477,2023-09-25,69.45,6
2726,477,2024-02-26,240.54,24
2727,478,2024-02-04,203.64,20
2728,478,2024-11-01,211.35,21
2729,478,2024-05-24,306.07,30
2730,478,2024-01-18,389.3,38
2731,478,2024-10-06,255.57,25
2732,478,2023-09-10,55.82,5
2733,478,2025-01-13,57.74,5
2734,478,2025-03-07,362.63,36
2735,478,2023-12-01,168.49,16
2736,479,2024-06-27,466.12,46
2737,479,2024-08-21,144.23,14
2738,479,2024-02-19,265.54,26
2739,479,2024-09-29,227.1,22
2740,480,2025-02-23,367.03,36
2741,480,2025-02-24,485.31,48
2742,480,2025-02-19,405.17,40
2743,480,2025-02-15,48.14,4
2744,480,2025-03-03,48.94,4
2745,480,2025-02-17,324.92,32
2746,480,2025-03-02,126.99,12
2747,481,2025-03-07,281.25,28
2748,481,2025-03-09,483.82,48
2749,481,2025-03-07,191.77,19
2750,481,2025-03-06,409.66,40
2751,481,2025-03-06,209.67,20
2752,481,2025-03-06,330.68,33
2753,482,2025-01-20,462.32,46
2754,482,2024-11-19,446.64,44
2755,482,2025-02-11,357.36,35
2756,482,2025-01-13,255.89,25
2757,482,2024-12-14,28.74,2
2758,482,2025-01-16,387.69,38
2759,482,2025-02-10,318.71,31
2760,483,2025-03-09,32.63,3
2761,483,2025-03-08,472.9,47
2762,483,2025-03-07,429.38,42
2763,483,2025-03-07,483.15,48
2764,483,2025-03-10,113.48,11
2765,484,2024-01-11,63.56,6
2766,485,2024-03-10,244.81,24
2767,485,2024-02-14,286.88,28
2768,485,2024-01-24,190.15,19
2769,485,2024-10-30,401.42,40
2770,485,2024-02-07,137.36,13
2771,485,2025-02-27,197.55,19
2772,486,2025-02-06,267.68,26
2773,486,2024-07-08,274.98,27
2774,486,2024-10-26,25.39,2
2775,486,2024-02-16,281.56,28
2776,486,2024-08-12,469.7,46
2777,486,2025-02-23,485.71,48
2778,486,2025-02-05,107.96,10
2779,486,2024-03-29,405.3,40
2780,486,2024-11-13,467.14,46
2781,487,2025-01-31,473.44,47
2782,487,2025-01-15,411.79,41
2783,487,2023-09-24,122.95,12
2784,487,2023-12-23,343.3,34
2785,487,2024-12-23,462.2,46
2786,487,2024-06-19,53.89,5
2787,487,2024-04-04,147.19,14
2788,487,2024-08-03,218.91,21
2789,488,2024-10-25,121.74,12
2790,488,2024-03-31,121.99,12
2791,488,2024-07-28,129.2,12
2792,488,2025-03-01,54.1,5
2793,489,2024-12-04,378.87,37
2794,489,2024-08-08,346.23,34
2795,489,2024-12-27,142.71,14
2796,490,2024-06-28,44.06,4
2797,490,2024-04-30,410.62,41
2798,490,2025-02-03,110.57,11
2799,491,2025-01-31,426.42,42
2800,491,2025-01-17,352.04,35
2801,491,2024-10-15,82.14,8
2802,491,2024-11-20,397.71,39
2803,491,2025-01-12,142.76,14
2804,491,2024-10-13,213.27,21
2805,491,2025-01-06,195.71,19
2806,492,2024-06-10,39.2,3
2807,492,2024-11-25,416.11,41
2808,492,2023-10-27,177.66,17
2809,493,2025-02-27,140.12,14
2810,493,2024-06-27,489.41,48
2811,493,2024-10-13,180.15,18
2812,493,2024-08-20,353.05,35
2813,493,2024-10-17,412.53,41
2814,493,2024-11-22,196.01,19
2815,493,2024-12-13,485.16,48
2816,493,2025-01-02,464.28,46
2817,493,2024-08-18,71.88,7
2818,493,2024-07-17,149.42,14
2819,494,2024-08-10,34.93,3
2820,494,2024-09-22,260.3,26
2821,494,2025-02-06,381.53,38
2822,494,2024-12-29,177.86,17
2823,494,2024-05-22,181.31,18
2824,494,2024-05-21,115.34,11
2825,494,2024-08-03,39.99,3
2826,494,2025-03-03,162.16,16
2827,494,2024-04-23,389.93,38
2828,494,2024-11-07,465.08,46
2829,495,2025-01-08,199.81,19
2830,495,2023-08-29,30.78,3
2831,495,2024-06-30,276.38,27
2832,495,2024-11-04,403.28,40
2833,495,2023-11-24,288.21,28
2834,495,2023-11-13,424.95,42
2835,495,2024-08-19,169.75,16
2836,495,2023-10-13,198.01,19
2837,496,2024-10-21,361.0,36
2838,496,2024-12-24,356.84,35
2839,496,2024-07-23,205.55,20
2840,496,2024-06-14,224.81,22
2841,496,2024-10-11,267.67,26
2842,496,2024-11-10,382.59,38
2843,496,2024-10-19,193.57,19
2844,496,2024-06-10,398.42,39
2845,496,2024-10-12,117.91,11
2846,497,2024-12-29,418.26,41
2847,497,2024-12-31,376.16,37
2848,497,2025-02-14,48.83,4
2849,497,2024-12-26,130.78,13
2850,497,2025-01-10,488.48,48
2851,497,2025-02-28,259.25,25
2852,497,2025-01-04,325.65,32
2853,497,2025-03-05,337.47,33
2854,498,2024-12-30,100.21,10
2855,498,2024-09-27,111.14,11
2856,498,2024-03-11,377.92,37
2857,498,2025-03-01,254.11,25
2858,498,2025-01-28,199.84,19
2859,499,2024-12-15,198.44,19
2860,499,2024-01-20,151.55,15
2861,499,2024-12-30,350.8,35
2862,499,2024-03-05,64.75,6
2863,499,2025-01-23,441.35,44
2864,500,2024-05-31,491.58,49
2865,500,2024-11-13,129.57,12
2866,500,2024-02-22,117.23,11
